"DiseaseMapID","ICD10","Condition"
3375,"F1010","Alcohol"
3376,"F10120","Alcohol"
3377,"F10121","Alcohol"
3378,"F10129","Alcohol"
3379,"F1014","Alcohol"
3380,"F10150","Alcohol"
3381,"F10151","Alcohol"
3382,"F10159","Alcohol"
3383,"F10180","Alcohol"
3384,"F10181","Alcohol"
3385,"F10182","Alcohol"
3386,"F10188","Alcohol"
3387,"F1019","Alcohol"
3388,"F1020","Alcohol"
3389,"F1021","Alcohol"
3390,"F10220","Alcohol"
3391,"F10221","Alcohol"
3392,"F10229","Alcohol"
3393,"F10230","Alcohol"
3394,"F10231","Alcohol"
3395,"F10232","Alcohol"
3396,"F10239","Alcohol"
3397,"F1024","Alcohol"
3398,"F10250","Alcohol"
3399,"F10251","Alcohol"
3400,"F10259","Alcohol"
3401,"F1026","Alcohol"
3402,"F1027","Alcohol"
3403,"F10280","Alcohol"
3404,"F10281","Alcohol"
3405,"F10282","Alcohol"
3406,"F10288","Alcohol"
3407,"F1029","Alcohol"
3408,"F10921","Alcohol"
3409,"F1094","Alcohol"
3410,"F10950","Alcohol"
3411,"F10951","Alcohol"
3412,"F10959","Alcohol"
3413,"F1096","Alcohol"
3414,"F1097","Alcohol"
3415,"F10980","Alcohol"
3416,"F10981","Alcohol"
3417,"F10982","Alcohol"
3418,"F10988","Alcohol"
3419,"F1099","Alcohol"
1777,"C00","Cancer"
1778,"C000","Cancer"
1779,"C001","Cancer"
1780,"C002","Cancer"
1781,"C003","Cancer"
1782,"C004","Cancer"
1783,"C005","Cancer"
1784,"C006","Cancer"
1785,"C008","Cancer"
1786,"C009","Cancer"
1787,"C01","Cancer"
1788,"C02","Cancer"
1789,"C020","Cancer"
1790,"C021","Cancer"
1791,"C022","Cancer"
1792,"C023","Cancer"
1793,"C024","Cancer"
1794,"C028","Cancer"
1795,"C029","Cancer"
1796,"C03","Cancer"
1797,"C030","Cancer"
1798,"C031","Cancer"
1799,"C039","Cancer"
1800,"C04","Cancer"
1801,"C040","Cancer"
1802,"C041","Cancer"
1803,"C048","Cancer"
1804,"C049","Cancer"
1805,"C05","Cancer"
1806,"C050","Cancer"
1807,"C051","Cancer"
1808,"C052","Cancer"
1809,"C058","Cancer"
1810,"C059","Cancer"
1811,"C06","Cancer"
1812,"C060","Cancer"
1813,"C061","Cancer"
1814,"C062","Cancer"
1815,"C068","Cancer"
1816,"C0680","Cancer"
1817,"C0689","Cancer"
1818,"C069","Cancer"
1819,"C07","Cancer"
1820,"C08","Cancer"
1821,"C080","Cancer"
1822,"C081","Cancer"
1823,"C089","Cancer"
1824,"C09","Cancer"
1825,"C090","Cancer"
1826,"C091","Cancer"
1827,"C098","Cancer"
1828,"C099","Cancer"
1829,"C10","Cancer"
1830,"C100","Cancer"
1831,"C101","Cancer"
1832,"C102","Cancer"
1833,"C103","Cancer"
1834,"C104","Cancer"
1835,"C108","Cancer"
1836,"C109","Cancer"
1837,"C11","Cancer"
1838,"C110","Cancer"
1839,"C111","Cancer"
1840,"C112","Cancer"
1841,"C113","Cancer"
1842,"C118","Cancer"
1843,"C119","Cancer"
1844,"C12","Cancer"
1845,"C13","Cancer"
1846,"C130","Cancer"
1847,"C131","Cancer"
1848,"C132","Cancer"
1849,"C138","Cancer"
1850,"C139","Cancer"
1851,"C14","Cancer"
1852,"C140","Cancer"
1853,"C142","Cancer"
1854,"C148","Cancer"
1855,"C15","Cancer"
1856,"C153","Cancer"
1857,"C154","Cancer"
1858,"C155","Cancer"
1859,"C158","Cancer"
1860,"C159","Cancer"
1861,"C16","Cancer"
1862,"C160","Cancer"
1863,"C161","Cancer"
1864,"C162","Cancer"
1865,"C163","Cancer"
1866,"C164","Cancer"
1867,"C165","Cancer"
1868,"C166","Cancer"
1869,"C168","Cancer"
1870,"C169","Cancer"
1871,"C17","Cancer"
1872,"C170","Cancer"
1873,"C171","Cancer"
1874,"C172","Cancer"
1875,"C173","Cancer"
1876,"C178","Cancer"
1877,"C179","Cancer"
1878,"C18","Cancer"
1879,"C180","Cancer"
1880,"C181","Cancer"
1881,"C182","Cancer"
1882,"C183","Cancer"
1883,"C184","Cancer"
1884,"C185","Cancer"
1885,"C186","Cancer"
1886,"C187","Cancer"
1887,"C188","Cancer"
1888,"C189","Cancer"
1889,"C19","Cancer"
1890,"C20","Cancer"
1891,"C21","Cancer"
1892,"C210","Cancer"
1893,"C211","Cancer"
1894,"C212","Cancer"
1895,"C218","Cancer"
1896,"C22","Cancer"
1897,"C220","Cancer"
1898,"C221","Cancer"
1899,"C222","Cancer"
1900,"C223","Cancer"
1901,"C224","Cancer"
1902,"C227","Cancer"
1903,"C228","Cancer"
1904,"C229","Cancer"
1905,"C23","Cancer"
1906,"C24","Cancer"
1907,"C240","Cancer"
1908,"C241","Cancer"
1909,"C248","Cancer"
1910,"C249","Cancer"
1911,"C25","Cancer"
1912,"C250","Cancer"
1913,"C251","Cancer"
1914,"C252","Cancer"
1915,"C253","Cancer"
1916,"C254","Cancer"
1917,"C257","Cancer"
1918,"C258","Cancer"
1919,"C259","Cancer"
1920,"C26","Cancer"
1921,"C260","Cancer"
1922,"C261","Cancer"
1923,"C269","Cancer"
1924,"C30","Cancer"
1925,"C300","Cancer"
1926,"C301","Cancer"
1927,"C31","Cancer"
1928,"C310","Cancer"
1929,"C311","Cancer"
1930,"C312","Cancer"
1931,"C313","Cancer"
1932,"C318","Cancer"
1933,"C319","Cancer"
1934,"C32","Cancer"
1935,"C320","Cancer"
1936,"C321","Cancer"
1937,"C322","Cancer"
1938,"C323","Cancer"
1939,"C328","Cancer"
1940,"C329","Cancer"
1941,"C33","Cancer"
1942,"C34","Cancer"
1943,"C340","Cancer"
1944,"C3400","Cancer"
1945,"C3401","Cancer"
1946,"C3402","Cancer"
1947,"C341","Cancer"
1948,"C3410","Cancer"
1949,"C3411","Cancer"
1950,"C3412","Cancer"
1951,"C342","Cancer"
1952,"C343","Cancer"
1953,"C3430","Cancer"
1954,"C3431","Cancer"
1955,"C3432","Cancer"
1956,"C348","Cancer"
1957,"C3480","Cancer"
1958,"C3481","Cancer"
1959,"C3482","Cancer"
1960,"C349","Cancer"
1961,"C3490","Cancer"
1962,"C3491","Cancer"
1963,"C3492","Cancer"
1964,"C37","Cancer"
1965,"C38","Cancer"
1966,"C380","Cancer"
1967,"C381","Cancer"
1968,"C382","Cancer"
1969,"C383","Cancer"
1970,"C384","Cancer"
1971,"C388","Cancer"
1972,"C39","Cancer"
1973,"C390","Cancer"
1974,"C399","Cancer"
1975,"C40","Cancer"
1976,"C400","Cancer"
1977,"C4000","Cancer"
1978,"C4001","Cancer"
1979,"C4002","Cancer"
1980,"C401","Cancer"
1981,"C4010","Cancer"
1982,"C4011","Cancer"
1983,"C4012","Cancer"
1984,"C402","Cancer"
1985,"C4020","Cancer"
1986,"C4021","Cancer"
1987,"C4022","Cancer"
1988,"C403","Cancer"
1989,"C4030","Cancer"
1990,"C4031","Cancer"
1991,"C4032","Cancer"
1992,"C408","Cancer"
1993,"C4080","Cancer"
1994,"C4081","Cancer"
1995,"C4082","Cancer"
1996,"C409","Cancer"
1997,"C4090","Cancer"
1998,"C4091","Cancer"
1999,"C4092","Cancer"
2000,"C41","Cancer"
2001,"C410","Cancer"
2002,"C411","Cancer"
2003,"C412","Cancer"
2004,"C413","Cancer"
2005,"C414","Cancer"
2006,"C419","Cancer"
2007,"C43","Cancer"
2008,"C430","Cancer"
2009,"C431","Cancer"
2010,"C4310","Cancer"
2011,"C4311","Cancer"
2012,"C4312","Cancer"
2013,"C432","Cancer"
2014,"C4320","Cancer"
2015,"C4321","Cancer"
2016,"C4322","Cancer"
2017,"C433","Cancer"
2018,"C4330","Cancer"
2019,"C4331","Cancer"
2020,"C4339","Cancer"
2021,"C434","Cancer"
2022,"C435","Cancer"
2023,"C4351","Cancer"
2024,"C4352","Cancer"
2025,"C4359","Cancer"
2026,"C436","Cancer"
2027,"C4360","Cancer"
2028,"C4361","Cancer"
2029,"C4362","Cancer"
2030,"C437","Cancer"
2031,"C4370","Cancer"
2032,"C4371","Cancer"
2033,"C4372","Cancer"
2034,"C438","Cancer"
2035,"C439","Cancer"
2036,"C45","Cancer"
2037,"C450","Cancer"
2038,"C451","Cancer"
2039,"C452","Cancer"
2040,"C457","Cancer"
2041,"C459","Cancer"
2042,"C46","Cancer"
2043,"C460","Cancer"
2044,"C461","Cancer"
2045,"C462","Cancer"
2046,"C463","Cancer"
2047,"C464","Cancer"
2048,"C465","Cancer"
2049,"C4650","Cancer"
2050,"C4651","Cancer"
2051,"C4652","Cancer"
2052,"C467","Cancer"
2053,"C469","Cancer"
2054,"C47","Cancer"
2055,"C470","Cancer"
2056,"C471","Cancer"
2057,"C4710","Cancer"
2058,"C4711","Cancer"
2059,"C4712","Cancer"
2060,"C472","Cancer"
2061,"C4720","Cancer"
2062,"C4721","Cancer"
2063,"C4722","Cancer"
2064,"C473","Cancer"
2065,"C474","Cancer"
2066,"C475","Cancer"
2067,"C476","Cancer"
2068,"C478","Cancer"
2069,"C479","Cancer"
2070,"C48","Cancer"
2071,"C480","Cancer"
2072,"C481","Cancer"
2073,"C482","Cancer"
2074,"C488","Cancer"
2075,"C49","Cancer"
2076,"C490","Cancer"
2077,"C491","Cancer"
2078,"C4910","Cancer"
2079,"C4911","Cancer"
2080,"C4912","Cancer"
2081,"C492","Cancer"
2082,"C4920","Cancer"
2083,"C4921","Cancer"
2084,"C4922","Cancer"
2085,"C493","Cancer"
2086,"C494","Cancer"
2087,"C495","Cancer"
2088,"C496","Cancer"
2089,"C498","Cancer"
2090,"C499","Cancer"
2091,"C50","Cancer"
2092,"C500","Cancer"
2093,"C5001","Cancer"
2094,"C50011","Cancer"
2095,"C50012","Cancer"
2096,"C50019","Cancer"
2097,"C5002","Cancer"
2098,"C50021","Cancer"
2099,"C50022","Cancer"
2100,"C50029","Cancer"
2101,"C501","Cancer"
2102,"C5011","Cancer"
2103,"C50111","Cancer"
2104,"C50112","Cancer"
2105,"C50119","Cancer"
2106,"C5012","Cancer"
2107,"C50121","Cancer"
2108,"C50122","Cancer"
2109,"C50129","Cancer"
2110,"C502","Cancer"
2111,"C5021","Cancer"
2112,"C50211","Cancer"
2113,"C50212","Cancer"
2114,"C50219","Cancer"
2115,"C5022","Cancer"
2116,"C50221","Cancer"
2117,"C50222","Cancer"
2118,"C50229","Cancer"
2119,"C503","Cancer"
2120,"C5031","Cancer"
2121,"C50311","Cancer"
2122,"C50312","Cancer"
2123,"C50319","Cancer"
2124,"C5032","Cancer"
2125,"C50321","Cancer"
2126,"C50322","Cancer"
2127,"C50329","Cancer"
2128,"C504","Cancer"
2129,"C5041","Cancer"
2130,"C50411","Cancer"
2131,"C50412","Cancer"
2132,"C50419","Cancer"
2133,"C5042","Cancer"
2134,"C50421","Cancer"
2135,"C50422","Cancer"
2136,"C50429","Cancer"
2137,"C505","Cancer"
2138,"C5051","Cancer"
2139,"C50511","Cancer"
2140,"C50512","Cancer"
2141,"C50519","Cancer"
2142,"C5052","Cancer"
2143,"C50521","Cancer"
2144,"C50522","Cancer"
2145,"C50529","Cancer"
2146,"C506","Cancer"
2147,"C5061","Cancer"
2148,"C50611","Cancer"
2149,"C50612","Cancer"
2150,"C50619","Cancer"
2151,"C5062","Cancer"
2152,"C50621","Cancer"
2153,"C50622","Cancer"
2154,"C50629","Cancer"
2155,"C508","Cancer"
2156,"C5081","Cancer"
2157,"C50811","Cancer"
2158,"C50812","Cancer"
2159,"C50819","Cancer"
2160,"C5082","Cancer"
2161,"C50821","Cancer"
2162,"C50822","Cancer"
2163,"C50829","Cancer"
2164,"C509","Cancer"
2165,"C5091","Cancer"
2166,"C50911","Cancer"
2167,"C50912","Cancer"
2168,"C50919","Cancer"
2169,"C5092","Cancer"
2170,"C50921","Cancer"
2171,"C50922","Cancer"
2172,"C50929","Cancer"
2173,"C51","Cancer"
2174,"C510","Cancer"
2175,"C511","Cancer"
2176,"C512","Cancer"
2177,"C518","Cancer"
2178,"C519","Cancer"
2179,"C52","Cancer"
2180,"C53","Cancer"
2181,"C530","Cancer"
2182,"C531","Cancer"
2183,"C538","Cancer"
2184,"C539","Cancer"
2185,"C54","Cancer"
2186,"C540","Cancer"
2187,"C541","Cancer"
2188,"C542","Cancer"
2189,"C543","Cancer"
2190,"C548","Cancer"
2191,"C549","Cancer"
2192,"C55","Cancer"
2193,"C56","Cancer"
2194,"C561","Cancer"
2195,"C562","Cancer"
2196,"C569","Cancer"
2197,"C57","Cancer"
2198,"C570","Cancer"
2199,"C5700","Cancer"
2200,"C5701","Cancer"
2201,"C5702","Cancer"
2202,"C571","Cancer"
2203,"C5710","Cancer"
2204,"C5711","Cancer"
2205,"C5712","Cancer"
2206,"C572","Cancer"
2207,"C5720","Cancer"
2208,"C5721","Cancer"
2209,"C5722","Cancer"
2210,"C573","Cancer"
2211,"C574","Cancer"
2212,"C577","Cancer"
2213,"C578","Cancer"
2214,"C579","Cancer"
2215,"C58","Cancer"
2216,"C60","Cancer"
2217,"C600","Cancer"
2218,"C601","Cancer"
2219,"C602","Cancer"
2220,"C608","Cancer"
2221,"C609","Cancer"
2222,"C61","Cancer"
2223,"C62","Cancer"
2224,"C620","Cancer"
2225,"C6200","Cancer"
2226,"C6201","Cancer"
2227,"C6202","Cancer"
2228,"C621","Cancer"
2229,"C6210","Cancer"
2230,"C6211","Cancer"
2231,"C6212","Cancer"
2232,"C629","Cancer"
2233,"C6290","Cancer"
2234,"C6291","Cancer"
2235,"C6292","Cancer"
2236,"C63","Cancer"
2237,"C630","Cancer"
2238,"C6300","Cancer"
2239,"C6301","Cancer"
2240,"C6302","Cancer"
2241,"C631","Cancer"
2242,"C6310","Cancer"
2243,"C6311","Cancer"
2244,"C6312","Cancer"
2245,"C632","Cancer"
2246,"C637","Cancer"
2247,"C638","Cancer"
2248,"C639","Cancer"
2249,"C64","Cancer"
2250,"C641","Cancer"
2251,"C642","Cancer"
2252,"C649","Cancer"
2253,"C65","Cancer"
2254,"C651","Cancer"
2255,"C652","Cancer"
2256,"C659","Cancer"
2257,"C66","Cancer"
2258,"C661","Cancer"
2259,"C662","Cancer"
2260,"C669","Cancer"
2261,"C67","Cancer"
2262,"C670","Cancer"
2263,"C671","Cancer"
2264,"C672","Cancer"
2265,"C673","Cancer"
2266,"C674","Cancer"
2267,"C675","Cancer"
2268,"C676","Cancer"
2269,"C677","Cancer"
2270,"C678","Cancer"
2271,"C679","Cancer"
2272,"C68","Cancer"
2273,"C680","Cancer"
2274,"C681","Cancer"
2275,"C688","Cancer"
2276,"C689","Cancer"
2277,"C69","Cancer"
2278,"C690","Cancer"
2279,"C6900","Cancer"
2280,"C6901","Cancer"
2281,"C6902","Cancer"
2282,"C691","Cancer"
2283,"C6910","Cancer"
2284,"C6911","Cancer"
2285,"C6912","Cancer"
2286,"C692","Cancer"
2287,"C6920","Cancer"
2288,"C6921","Cancer"
2289,"C6922","Cancer"
2290,"C693","Cancer"
2291,"C6930","Cancer"
2292,"C6931","Cancer"
2293,"C6932","Cancer"
2294,"C694","Cancer"
2295,"C6940","Cancer"
2296,"C6941","Cancer"
2297,"C6942","Cancer"
2298,"C695","Cancer"
2299,"C6950","Cancer"
2300,"C6951","Cancer"
2301,"C6952","Cancer"
2302,"C696","Cancer"
2303,"C6960","Cancer"
2304,"C6961","Cancer"
2305,"C6962","Cancer"
2306,"C698","Cancer"
2307,"C6980","Cancer"
2308,"C6981","Cancer"
2309,"C6982","Cancer"
2310,"C699","Cancer"
2311,"C6990","Cancer"
2312,"C6991","Cancer"
2313,"C6992","Cancer"
2314,"C70","Cancer"
2315,"C700","Cancer"
2316,"C701","Cancer"
2317,"C709","Cancer"
2318,"C71","Cancer"
2319,"C710","Cancer"
2320,"C711","Cancer"
2321,"C712","Cancer"
2322,"C713","Cancer"
2323,"C714","Cancer"
2324,"C715","Cancer"
2325,"C716","Cancer"
2326,"C717","Cancer"
2327,"C718","Cancer"
2328,"C719","Cancer"
2329,"C72","Cancer"
2330,"C720","Cancer"
2331,"C721","Cancer"
2332,"C722","Cancer"
2333,"C7220","Cancer"
2334,"C7221","Cancer"
2335,"C7222","Cancer"
2336,"C723","Cancer"
2337,"C7230","Cancer"
2338,"C7231","Cancer"
2339,"C7232","Cancer"
2340,"C724","Cancer"
2341,"C7240","Cancer"
2342,"C7241","Cancer"
2343,"C7242","Cancer"
2344,"C725","Cancer"
2345,"C7250","Cancer"
2346,"C7259","Cancer"
2347,"C729","Cancer"
2348,"C73","Cancer"
2349,"C74","Cancer"
2350,"C740","Cancer"
2351,"C7400","Cancer"
2352,"C7401","Cancer"
2353,"C7402","Cancer"
2354,"C741","Cancer"
2355,"C7410","Cancer"
2356,"C7411","Cancer"
2357,"C7412","Cancer"
2358,"C749","Cancer"
2359,"C7490","Cancer"
2360,"C7491","Cancer"
2361,"C7492","Cancer"
2362,"C75","Cancer"
2363,"C750","Cancer"
2364,"C751","Cancer"
2365,"C752","Cancer"
2366,"C753","Cancer"
2367,"C754","Cancer"
2368,"C755","Cancer"
2369,"C758","Cancer"
2370,"C759","Cancer"
2371,"C76","Cancer"
2372,"C760","Cancer"
2373,"C761","Cancer"
2374,"C762","Cancer"
2375,"C763","Cancer"
2376,"C764","Cancer"
2377,"C7640","Cancer"
2378,"C7641","Cancer"
2379,"C7642","Cancer"
2380,"C765","Cancer"
2381,"C7650","Cancer"
2382,"C7651","Cancer"
2383,"C7652","Cancer"
2384,"C768","Cancer"
2385,"C81","Cancer"
2386,"C810","Cancer"
2387,"C8100","Cancer"
2388,"C8101","Cancer"
2389,"C8102","Cancer"
2390,"C8103","Cancer"
2391,"C8104","Cancer"
2392,"C8105","Cancer"
2393,"C8106","Cancer"
2394,"C8107","Cancer"
2395,"C8108","Cancer"
2396,"C8109","Cancer"
2397,"C811","Cancer"
2398,"C8110","Cancer"
2399,"C8111","Cancer"
2400,"C8112","Cancer"
2401,"C8113","Cancer"
2402,"C8114","Cancer"
2403,"C8115","Cancer"
2404,"C8116","Cancer"
2405,"C8117","Cancer"
2406,"C8118","Cancer"
2407,"C8119","Cancer"
2408,"C812","Cancer"
2409,"C8120","Cancer"
2410,"C8121","Cancer"
2411,"C8122","Cancer"
2412,"C8123","Cancer"
2413,"C8124","Cancer"
2414,"C8125","Cancer"
2415,"C8126","Cancer"
2416,"C8127","Cancer"
2417,"C8128","Cancer"
2418,"C8129","Cancer"
2419,"C813","Cancer"
2420,"C8130","Cancer"
2421,"C8131","Cancer"
2422,"C8132","Cancer"
2423,"C8133","Cancer"
2424,"C8134","Cancer"
2425,"C8135","Cancer"
2426,"C8136","Cancer"
2427,"C8137","Cancer"
2428,"C8138","Cancer"
2429,"C8139","Cancer"
2430,"C814","Cancer"
2431,"C8140","Cancer"
2432,"C8141","Cancer"
2433,"C8142","Cancer"
2434,"C8143","Cancer"
2435,"C8144","Cancer"
2436,"C8145","Cancer"
2437,"C8146","Cancer"
2438,"C8147","Cancer"
2439,"C8148","Cancer"
2440,"C8149","Cancer"
2441,"C817","Cancer"
2442,"C8170","Cancer"
2443,"C8171","Cancer"
2444,"C8172","Cancer"
2445,"C8173","Cancer"
2446,"C8174","Cancer"
2447,"C8175","Cancer"
2448,"C8176","Cancer"
2449,"C8177","Cancer"
2450,"C8178","Cancer"
2451,"C8179","Cancer"
2452,"C819","Cancer"
2453,"C8190","Cancer"
2454,"C8191","Cancer"
2455,"C8192","Cancer"
2456,"C8193","Cancer"
2457,"C8194","Cancer"
2458,"C8195","Cancer"
2459,"C8196","Cancer"
2460,"C8197","Cancer"
2461,"C8198","Cancer"
2462,"C8199","Cancer"
2463,"C82","Cancer"
2464,"C820","Cancer"
2465,"C8200","Cancer"
2466,"C8201","Cancer"
2467,"C8202","Cancer"
2468,"C8203","Cancer"
2469,"C8204","Cancer"
2470,"C8205","Cancer"
2471,"C8206","Cancer"
2472,"C8207","Cancer"
2473,"C8208","Cancer"
2474,"C8209","Cancer"
2475,"C821","Cancer"
2476,"C8210","Cancer"
2477,"C8211","Cancer"
2478,"C8212","Cancer"
2479,"C8213","Cancer"
2480,"C8214","Cancer"
2481,"C8215","Cancer"
2482,"C8216","Cancer"
2483,"C8217","Cancer"
2484,"C8218","Cancer"
2485,"C8219","Cancer"
2486,"C822","Cancer"
2487,"C8220","Cancer"
2488,"C8221","Cancer"
2489,"C8222","Cancer"
2490,"C8223","Cancer"
2491,"C8224","Cancer"
2492,"C8225","Cancer"
2493,"C8226","Cancer"
2494,"C8227","Cancer"
2495,"C8228","Cancer"
2496,"C8229","Cancer"
2497,"C823","Cancer"
2498,"C8230","Cancer"
2499,"C8231","Cancer"
2500,"C8232","Cancer"
2501,"C8233","Cancer"
2502,"C8234","Cancer"
2503,"C8235","Cancer"
2504,"C8236","Cancer"
2505,"C8237","Cancer"
2506,"C8238","Cancer"
2507,"C8239","Cancer"
2508,"C824","Cancer"
2509,"C8240","Cancer"
2510,"C8241","Cancer"
2511,"C8242","Cancer"
2512,"C8243","Cancer"
2513,"C8244","Cancer"
2514,"C8245","Cancer"
2515,"C8246","Cancer"
2516,"C8247","Cancer"
2517,"C8248","Cancer"
2518,"C8249","Cancer"
2519,"C825","Cancer"
2520,"C8250","Cancer"
2521,"C8251","Cancer"
2522,"C8252","Cancer"
2523,"C8253","Cancer"
2524,"C8254","Cancer"
2525,"C8255","Cancer"
2526,"C8256","Cancer"
2527,"C8257","Cancer"
2528,"C8258","Cancer"
2529,"C8259","Cancer"
2530,"C826","Cancer"
2531,"C8260","Cancer"
2532,"C8261","Cancer"
2533,"C8262","Cancer"
2534,"C8263","Cancer"
2535,"C8264","Cancer"
2536,"C8265","Cancer"
2537,"C8266","Cancer"
2538,"C8267","Cancer"
2539,"C8268","Cancer"
2540,"C8269","Cancer"
2541,"C828","Cancer"
2542,"C8280","Cancer"
2543,"C8281","Cancer"
2544,"C8282","Cancer"
2545,"C8283","Cancer"
2546,"C8284","Cancer"
2547,"C8285","Cancer"
2548,"C8286","Cancer"
2549,"C8287","Cancer"
2550,"C8288","Cancer"
2551,"C8289","Cancer"
2552,"C829","Cancer"
2553,"C8290","Cancer"
2554,"C8291","Cancer"
2555,"C8292","Cancer"
2556,"C8293","Cancer"
2557,"C8294","Cancer"
2558,"C8295","Cancer"
2559,"C8296","Cancer"
2560,"C8297","Cancer"
2561,"C8298","Cancer"
2562,"C8299","Cancer"
2563,"C83","Cancer"
2564,"C830","Cancer"
2565,"C8300","Cancer"
2566,"C8301","Cancer"
2567,"C8302","Cancer"
2568,"C8303","Cancer"
2569,"C8304","Cancer"
2570,"C8305","Cancer"
2571,"C8306","Cancer"
2572,"C8307","Cancer"
2573,"C8308","Cancer"
2574,"C8309","Cancer"
2575,"C831","Cancer"
2576,"C8310","Cancer"
2577,"C8311","Cancer"
2578,"C8312","Cancer"
2579,"C8313","Cancer"
2580,"C8314","Cancer"
2581,"C8315","Cancer"
2582,"C8316","Cancer"
2583,"C8317","Cancer"
2584,"C8318","Cancer"
2585,"C8319","Cancer"
2586,"C833","Cancer"
2587,"C8330","Cancer"
2588,"C8331","Cancer"
2589,"C8332","Cancer"
2590,"C8333","Cancer"
2591,"C8334","Cancer"
2592,"C8335","Cancer"
2593,"C8336","Cancer"
2594,"C8337","Cancer"
2595,"C8338","Cancer"
2596,"C8339","Cancer"
2597,"C835","Cancer"
2598,"C8350","Cancer"
2599,"C8351","Cancer"
2600,"C8352","Cancer"
2601,"C8353","Cancer"
2602,"C8354","Cancer"
2603,"C8355","Cancer"
2604,"C8356","Cancer"
2605,"C8357","Cancer"
2606,"C8358","Cancer"
2607,"C8359","Cancer"
2608,"C837","Cancer"
2609,"C8370","Cancer"
2610,"C8371","Cancer"
2611,"C8372","Cancer"
2612,"C8373","Cancer"
2613,"C8374","Cancer"
2614,"C8375","Cancer"
2615,"C8376","Cancer"
2616,"C8377","Cancer"
2617,"C8378","Cancer"
2618,"C8379","Cancer"
2619,"C838","Cancer"
2620,"C8380","Cancer"
2621,"C8381","Cancer"
2622,"C8382","Cancer"
2623,"C8383","Cancer"
2624,"C8384","Cancer"
2625,"C8385","Cancer"
2626,"C8386","Cancer"
2627,"C8387","Cancer"
2628,"C8388","Cancer"
2629,"C8389","Cancer"
2630,"C839","Cancer"
2631,"C8390","Cancer"
2632,"C8391","Cancer"
2633,"C8392","Cancer"
2634,"C8393","Cancer"
2635,"C8394","Cancer"
2636,"C8395","Cancer"
2637,"C8396","Cancer"
2638,"C8397","Cancer"
2639,"C8398","Cancer"
2640,"C8399","Cancer"
2641,"C84","Cancer"
2642,"C840","Cancer"
2643,"C8400","Cancer"
2644,"C8401","Cancer"
2645,"C8402","Cancer"
2646,"C8403","Cancer"
2647,"C8404","Cancer"
2648,"C8405","Cancer"
2649,"C8406","Cancer"
2650,"C8407","Cancer"
2651,"C8408","Cancer"
2652,"C8409","Cancer"
2653,"C841","Cancer"
2654,"C8410","Cancer"
2655,"C8411","Cancer"
2656,"C8412","Cancer"
2657,"C8413","Cancer"
2658,"C8414","Cancer"
2659,"C8415","Cancer"
2660,"C8416","Cancer"
2661,"C8417","Cancer"
2662,"C8418","Cancer"
2663,"C8419","Cancer"
2664,"C844","Cancer"
2665,"C8440","Cancer"
2666,"C8441","Cancer"
2667,"C8442","Cancer"
2668,"C8443","Cancer"
2669,"C8444","Cancer"
2670,"C8445","Cancer"
2671,"C8446","Cancer"
2672,"C8447","Cancer"
2673,"C8448","Cancer"
2674,"C8449","Cancer"
2675,"C846","Cancer"
2676,"C8460","Cancer"
2677,"C8461","Cancer"
2678,"C8462","Cancer"
2679,"C8463","Cancer"
2680,"C8464","Cancer"
2681,"C8465","Cancer"
2682,"C8466","Cancer"
2683,"C8467","Cancer"
2684,"C8468","Cancer"
2685,"C8469","Cancer"
2686,"C847","Cancer"
2687,"C8470","Cancer"
2688,"C8471","Cancer"
2689,"C8472","Cancer"
2690,"C8473","Cancer"
2691,"C8474","Cancer"
2692,"C8475","Cancer"
2693,"C8476","Cancer"
2694,"C8477","Cancer"
2695,"C8478","Cancer"
2696,"C8479","Cancer"
2697,"C849","Cancer"
2698,"C8490","Cancer"
2699,"C8491","Cancer"
2700,"C8492","Cancer"
2701,"C8493","Cancer"
2702,"C8494","Cancer"
2703,"C8495","Cancer"
2704,"C8496","Cancer"
2705,"C8497","Cancer"
2706,"C8498","Cancer"
2707,"C8499","Cancer"
2708,"C84A","Cancer"
2709,"C84A0","Cancer"
2710,"C84A1","Cancer"
2711,"C84A2","Cancer"
2712,"C84A3","Cancer"
2713,"C84A4","Cancer"
2714,"C84A5","Cancer"
2715,"C84A6","Cancer"
2716,"C84A7","Cancer"
2717,"C84A8","Cancer"
2718,"C84A9","Cancer"
2719,"C84Z","Cancer"
2720,"C84Z0","Cancer"
2721,"C84Z1","Cancer"
2722,"C84Z2","Cancer"
2723,"C84Z3","Cancer"
2724,"C84Z4","Cancer"
2725,"C84Z5","Cancer"
2726,"C84Z6","Cancer"
2727,"C84Z7","Cancer"
2728,"C84Z8","Cancer"
2729,"C84Z9","Cancer"
2730,"C85","Cancer"
2731,"C851","Cancer"
2732,"C8510","Cancer"
2733,"C8511","Cancer"
2734,"C8512","Cancer"
2735,"C8513","Cancer"
2736,"C8514","Cancer"
2737,"C8515","Cancer"
2738,"C8516","Cancer"
2739,"C8517","Cancer"
2740,"C8518","Cancer"
2741,"C8519","Cancer"
2742,"C852","Cancer"
2743,"C8520","Cancer"
2744,"C8521","Cancer"
2745,"C8522","Cancer"
2746,"C8523","Cancer"
2747,"C8524","Cancer"
2748,"C8525","Cancer"
2749,"C8526","Cancer"
2750,"C8527","Cancer"
2751,"C8528","Cancer"
2752,"C8529","Cancer"
2753,"C858","Cancer"
2754,"C8580","Cancer"
2755,"C8581","Cancer"
2756,"C8582","Cancer"
2757,"C8583","Cancer"
2758,"C8584","Cancer"
2759,"C8585","Cancer"
2760,"C8586","Cancer"
2761,"C8587","Cancer"
2762,"C8588","Cancer"
2763,"C8589","Cancer"
2764,"C859","Cancer"
2765,"C8590","Cancer"
2766,"C8591","Cancer"
2767,"C8592","Cancer"
2768,"C8593","Cancer"
2769,"C8594","Cancer"
2770,"C8595","Cancer"
2771,"C8596","Cancer"
2772,"C8597","Cancer"
2773,"C8598","Cancer"
2774,"C8599","Cancer"
2775,"C88","Cancer"
2776,"C880","Cancer"
2777,"C882","Cancer"
2778,"C883","Cancer"
2779,"C884","Cancer"
2780,"C888","Cancer"
2781,"C889","Cancer"
2782,"C90","Cancer"
2783,"C900","Cancer"
2784,"C9000","Cancer"
2785,"C9001","Cancer"
2786,"C9002","Cancer"
2787,"C901","Cancer"
2788,"C9010","Cancer"
2789,"C9011","Cancer"
2790,"C9012","Cancer"
2791,"C902","Cancer"
2792,"C9020","Cancer"
2793,"C9021","Cancer"
2794,"C9022","Cancer"
2795,"C903","Cancer"
2796,"C9030","Cancer"
2797,"C9031","Cancer"
2798,"C9032","Cancer"
2799,"C91","Cancer"
2800,"C910","Cancer"
2801,"C9100","Cancer"
2802,"C9101","Cancer"
2803,"C9102","Cancer"
2804,"C911","Cancer"
2805,"C9110","Cancer"
2806,"C9111","Cancer"
2807,"C9112","Cancer"
2808,"C913","Cancer"
2809,"C9130","Cancer"
2810,"C9131","Cancer"
2811,"C9132","Cancer"
2812,"C914","Cancer"
2813,"C9140","Cancer"
2814,"C9141","Cancer"
2815,"C9142","Cancer"
2816,"C915","Cancer"
2817,"C9150","Cancer"
2818,"C9151","Cancer"
2819,"C9152","Cancer"
2820,"C916","Cancer"
2821,"C9160","Cancer"
2822,"C9161","Cancer"
2823,"C9162","Cancer"
2824,"C919","Cancer"
2825,"C9190","Cancer"
2826,"C9191","Cancer"
2827,"C9192","Cancer"
2828,"C91A","Cancer"
2829,"C91A0","Cancer"
2830,"C91A1","Cancer"
2831,"C91A2","Cancer"
2832,"C91Z","Cancer"
2833,"C91Z0","Cancer"
2834,"C91Z1","Cancer"
2835,"C91Z2","Cancer"
2836,"C92","Cancer"
2837,"C920","Cancer"
2838,"C9200","Cancer"
2839,"C9201","Cancer"
2840,"C9202","Cancer"
2841,"C921","Cancer"
2842,"C9210","Cancer"
2843,"C9211","Cancer"
2844,"C9212","Cancer"
2845,"C922","Cancer"
2846,"C9220","Cancer"
2847,"C9221","Cancer"
2848,"C9222","Cancer"
2849,"C923","Cancer"
2850,"C9230","Cancer"
2851,"C9231","Cancer"
2852,"C9232","Cancer"
2853,"C924","Cancer"
2854,"C9240","Cancer"
2855,"C9241","Cancer"
2856,"C9242","Cancer"
2857,"C925","Cancer"
2858,"C9250","Cancer"
2859,"C9251","Cancer"
2860,"C9252","Cancer"
2861,"C926","Cancer"
2862,"C9260","Cancer"
2863,"C9261","Cancer"
2864,"C9262","Cancer"
2865,"C929","Cancer"
2866,"C9290","Cancer"
2867,"C9291","Cancer"
2868,"C9292","Cancer"
2869,"C92A","Cancer"
2870,"C92A0","Cancer"
2871,"C92A1","Cancer"
2872,"C92A2","Cancer"
2873,"C92Z","Cancer"
2874,"C92Z0","Cancer"
2875,"C92Z1","Cancer"
2876,"C92Z2","Cancer"
2877,"C93","Cancer"
2878,"C930","Cancer"
2879,"C9300","Cancer"
2880,"C9301","Cancer"
2881,"C9302","Cancer"
2882,"C931","Cancer"
2883,"C9310","Cancer"
2884,"C9311","Cancer"
2885,"C9312","Cancer"
2886,"C933","Cancer"
2887,"C9330","Cancer"
2888,"C9331","Cancer"
2889,"C9332","Cancer"
2890,"C939","Cancer"
2891,"C9390","Cancer"
2892,"C9391","Cancer"
2893,"C9392","Cancer"
2894,"C93Z","Cancer"
2895,"C93Z0","Cancer"
2896,"C93Z1","Cancer"
2897,"C93Z2","Cancer"
2898,"C94","Cancer"
2899,"C940","Cancer"
2900,"C9400","Cancer"
2901,"C9401","Cancer"
2902,"C9402","Cancer"
2903,"C942","Cancer"
2904,"C9420","Cancer"
2905,"C9421","Cancer"
2906,"C9422","Cancer"
2907,"C943","Cancer"
2908,"C9430","Cancer"
2909,"C9431","Cancer"
2910,"C9432","Cancer"
2911,"C944","Cancer"
2912,"C9440","Cancer"
2913,"C9441","Cancer"
2914,"C9442","Cancer"
2915,"C946","Cancer"
2916,"C948","Cancer"
2917,"C9480","Cancer"
2918,"C9481","Cancer"
2919,"C9482","Cancer"
2920,"C95","Cancer"
2921,"C950","Cancer"
2922,"C9500","Cancer"
2923,"C9501","Cancer"
2924,"C9502","Cancer"
2925,"C951","Cancer"
2926,"C9510","Cancer"
2927,"C9511","Cancer"
2928,"C9512","Cancer"
2929,"C959","Cancer"
2930,"C9590","Cancer"
2931,"C9591","Cancer"
2932,"C9592","Cancer"
2933,"C96","Cancer"
2934,"C960","Cancer"
2935,"C962","Cancer"
2936,"C964","Cancer"
2937,"C965","Cancer"
2938,"C966","Cancer"
2939,"C969","Cancer"
2940,"C96A","Cancer"
2941,"C96Z","Cancer"
2942,"C97","Cancer"
21,"I099","Congestive_heart_failure"
22,"I110","Congestive_heart_failure"
23,"I130","Congestive_heart_failure"
24,"I132","Congestive_heart_failure"
25,"I255","Congestive_heart_failure"
26,"I420","Congestive_heart_failure"
27,"I425","Congestive_heart_failure"
28,"I426","Congestive_heart_failure"
29,"I427","Congestive_heart_failure"
30,"I428","Congestive_heart_failure"
31,"I429","Congestive_heart_failure"
32,"I43","Congestive_heart_failure"
33,"I50","Congestive_heart_failure"
34,"I501","Congestive_heart_failure"
35,"I502","Congestive_heart_failure"
36,"I5020","Congestive_heart_failure"
37,"I5021","Congestive_heart_failure"
38,"I5022","Congestive_heart_failure"
39,"I5023","Congestive_heart_failure"
40,"I503","Congestive_heart_failure"
41,"I5030","Congestive_heart_failure"
42,"I5031","Congestive_heart_failure"
43,"I5032","Congestive_heart_failure"
44,"I5033","Congestive_heart_failure"
45,"I504","Congestive_heart_failure"
46,"I5040","Congestive_heart_failure"
47,"I5041","Congestive_heart_failure"
48,"I5042","Congestive_heart_failure"
49,"I5043","Congestive_heart_failure"
50,"I509","Congestive_heart_failure"
51,"P290","Congestive_heart_failure"
844,"F00","Dementia"
845,"F01","Dementia"
846,"F015","Dementia"
847,"F0150","Dementia"
848,"F0151","Dementia"
849,"F02","Dementia"
850,"F028","Dementia"
851,"F0280","Dementia"
852,"F0281","Dementia"
853,"F03","Dementia"
854,"F039","Dementia"
855,"F0390","Dementia"
856,"F0391","Dementia"
857,"F051","Dementia"
858,"G30","Dementia"
859,"G300","Dementia"
860,"G301","Dementia"
861,"G308","Dementia"
862,"G309","Dementia"
863,"G311","Dementia"
3059,"F320","Depression"
3060,"F321","Depression"
3061,"F322","Depression"
3062,"F323","Depression"
3063,"F328","Depression"
3064,"F329","Depression"
3065,"F330","Depression"
3066,"F331","Depression"
3067,"F332","Depression"
3068,"F333","Depression"
3069,"F338","Depression"
3070,"F339","Depression"
3071,"F341","Depression"
3072,"F4321","Depression"
1577,"E102","Diabetes_with_complications"
1578,"E1021","Diabetes_with_complications"
1579,"E1022","Diabetes_with_complications"
1580,"E1029","Diabetes_with_complications"
1581,"E103","Diabetes_with_complications"
1582,"E1031","Diabetes_with_complications"
1583,"E10311","Diabetes_with_complications"
1584,"E10319","Diabetes_with_complications"
1585,"E1032","Diabetes_with_complications"
1586,"E10321","Diabetes_with_complications"
1587,"E10329","Diabetes_with_complications"
1588,"E1033","Diabetes_with_complications"
1589,"E10331","Diabetes_with_complications"
1590,"E10339","Diabetes_with_complications"
1591,"E1034","Diabetes_with_complications"
1592,"E10341","Diabetes_with_complications"
1593,"E10349","Diabetes_with_complications"
1594,"E1035","Diabetes_with_complications"
1595,"E10351","Diabetes_with_complications"
1596,"E10359","Diabetes_with_complications"
1597,"E1036","Diabetes_with_complications"
1598,"E1039","Diabetes_with_complications"
1599,"E104","Diabetes_with_complications"
1600,"E1040","Diabetes_with_complications"
1601,"E1041","Diabetes_with_complications"
1602,"E1042","Diabetes_with_complications"
1603,"E1043","Diabetes_with_complications"
1604,"E1044","Diabetes_with_complications"
1605,"E1049","Diabetes_with_complications"
1606,"E105","Diabetes_with_complications"
1607,"E1051","Diabetes_with_complications"
1608,"E1052","Diabetes_with_complications"
1609,"E1059","Diabetes_with_complications"
1610,"E107","Diabetes_with_complications"
1611,"E112","Diabetes_with_complications"
1612,"E1121","Diabetes_with_complications"
1613,"E1122","Diabetes_with_complications"
1614,"E1129","Diabetes_with_complications"
1615,"E113","Diabetes_with_complications"
1616,"E1131","Diabetes_with_complications"
1617,"E11311","Diabetes_with_complications"
1618,"E11319","Diabetes_with_complications"
1619,"E1132","Diabetes_with_complications"
1620,"E11321","Diabetes_with_complications"
1621,"E11329","Diabetes_with_complications"
1622,"E1133","Diabetes_with_complications"
1623,"E11331","Diabetes_with_complications"
1624,"E11339","Diabetes_with_complications"
1625,"E1134","Diabetes_with_complications"
1626,"E11341","Diabetes_with_complications"
1627,"E11349","Diabetes_with_complications"
1628,"E1135","Diabetes_with_complications"
1629,"E11351","Diabetes_with_complications"
1630,"E11359","Diabetes_with_complications"
1631,"E1136","Diabetes_with_complications"
1632,"E1139","Diabetes_with_complications"
1633,"E114","Diabetes_with_complications"
1634,"E1140","Diabetes_with_complications"
1635,"E1141","Diabetes_with_complications"
1636,"E1142","Diabetes_with_complications"
1637,"E1143","Diabetes_with_complications"
1638,"E1144","Diabetes_with_complications"
1639,"E1149","Diabetes_with_complications"
1640,"E115","Diabetes_with_complications"
1641,"E1151","Diabetes_with_complications"
1642,"E1152","Diabetes_with_complications"
1643,"E1159","Diabetes_with_complications"
1644,"E117","Diabetes_with_complications"
1645,"E122","Diabetes_with_complications"
1646,"E123","Diabetes_with_complications"
1647,"E124","Diabetes_with_complications"
1648,"E125","Diabetes_with_complications"
1649,"E127","Diabetes_with_complications"
1650,"E132","Diabetes_with_complications"
1651,"E1321","Diabetes_with_complications"
1652,"E1322","Diabetes_with_complications"
1653,"E1329","Diabetes_with_complications"
1654,"E133","Diabetes_with_complications"
1655,"E1331","Diabetes_with_complications"
1656,"E13311","Diabetes_with_complications"
1657,"E13319","Diabetes_with_complications"
1658,"E1332","Diabetes_with_complications"
1659,"E13321","Diabetes_with_complications"
1660,"E13329","Diabetes_with_complications"
1661,"E1333","Diabetes_with_complications"
1662,"E13331","Diabetes_with_complications"
1663,"E13339","Diabetes_with_complications"
1664,"E1334","Diabetes_with_complications"
1665,"E13341","Diabetes_with_complications"
1666,"E13349","Diabetes_with_complications"
1667,"E1335","Diabetes_with_complications"
1668,"E13351","Diabetes_with_complications"
1669,"E13359","Diabetes_with_complications"
1670,"E1336","Diabetes_with_complications"
1671,"E1339","Diabetes_with_complications"
1672,"E134","Diabetes_with_complications"
1673,"E1340","Diabetes_with_complications"
1674,"E1341","Diabetes_with_complications"
1675,"E1342","Diabetes_with_complications"
1676,"E1343","Diabetes_with_complications"
1677,"E1344","Diabetes_with_complications"
1678,"E1349","Diabetes_with_complications"
1679,"E135","Diabetes_with_complications"
1680,"E1351","Diabetes_with_complications"
1681,"E1352","Diabetes_with_complications"
1682,"E1359","Diabetes_with_complications"
1683,"E137","Diabetes_with_complications"
1684,"E142","Diabetes_with_complications"
1685,"E143","Diabetes_with_complications"
1686,"E144","Diabetes_with_complications"
1687,"E145","Diabetes_with_complications"
1688,"E147","Diabetes_with_complications"
1496,"E100","Diabetes_without_complications"
1497,"E101","Diabetes_without_complications"
1498,"E1010","Diabetes_without_complications"
1499,"E1011","Diabetes_without_complications"
1500,"E106","Diabetes_without_complications"
1501,"E1061","Diabetes_without_complications"
1502,"E10610","Diabetes_without_complications"
1503,"E10618","Diabetes_without_complications"
1504,"E1062","Diabetes_without_complications"
1505,"E10620","Diabetes_without_complications"
1506,"E10621","Diabetes_without_complications"
1507,"E10622","Diabetes_without_complications"
1508,"E10628","Diabetes_without_complications"
1509,"E1063","Diabetes_without_complications"
1510,"E10630","Diabetes_without_complications"
1511,"E10638","Diabetes_without_complications"
1512,"E1064","Diabetes_without_complications"
1513,"E10641","Diabetes_without_complications"
1514,"E10649","Diabetes_without_complications"
1515,"E1065","Diabetes_without_complications"
1516,"E1069","Diabetes_without_complications"
1517,"E108","Diabetes_without_complications"
1518,"E109","Diabetes_without_complications"
1519,"E110","Diabetes_without_complications"
1520,"E1100","Diabetes_without_complications"
1521,"E1101","Diabetes_without_complications"
1522,"E111","Diabetes_without_complications"
1523,"E116","Diabetes_without_complications"
1524,"E1161","Diabetes_without_complications"
1525,"E11610","Diabetes_without_complications"
1526,"E11618","Diabetes_without_complications"
1527,"E1162","Diabetes_without_complications"
1528,"E11620","Diabetes_without_complications"
1529,"E11621","Diabetes_without_complications"
1530,"E11622","Diabetes_without_complications"
1531,"E11628","Diabetes_without_complications"
1532,"E1163","Diabetes_without_complications"
1533,"E11630","Diabetes_without_complications"
1534,"E11638","Diabetes_without_complications"
1535,"E1164","Diabetes_without_complications"
1536,"E11641","Diabetes_without_complications"
1537,"E11649","Diabetes_without_complications"
1538,"E1165","Diabetes_without_complications"
1539,"E1169","Diabetes_without_complications"
1540,"E118","Diabetes_without_complications"
1541,"E119","Diabetes_without_complications"
1542,"E120","Diabetes_without_complications"
1543,"E121","Diabetes_without_complications"
1544,"E126","Diabetes_without_complications"
1545,"E128","Diabetes_without_complications"
1546,"E129","Diabetes_without_complications"
1547,"E130","Diabetes_without_complications"
1548,"E1300","Diabetes_without_complications"
1549,"E1301","Diabetes_without_complications"
1550,"E131","Diabetes_without_complications"
1551,"E1310","Diabetes_without_complications"
1552,"E1311","Diabetes_without_complications"
1553,"E136","Diabetes_without_complications"
1554,"E1361","Diabetes_without_complications"
1555,"E13610","Diabetes_without_complications"
1556,"E13618","Diabetes_without_complications"
1557,"E1362","Diabetes_without_complications"
1558,"E13620","Diabetes_without_complications"
1559,"E13621","Diabetes_without_complications"
1560,"E13622","Diabetes_without_complications"
1561,"E13628","Diabetes_without_complications"
1562,"E1363","Diabetes_without_complications"
1563,"E13630","Diabetes_without_complications"
1564,"E13638","Diabetes_without_complications"
1565,"E1364","Diabetes_without_complications"
1566,"E13641","Diabetes_without_complications"
1567,"E13649","Diabetes_without_complications"
1568,"E1365","Diabetes_without_complications"
1569,"E1369","Diabetes_without_complications"
1570,"E138","Diabetes_without_complications"
1571,"E139","Diabetes_without_complications"
1572,"E140","Diabetes_without_complications"
1573,"E141","Diabetes_without_complications"
1574,"E146","Diabetes_without_complications"
1575,"E148","Diabetes_without_complications"
1576,"E149","Diabetes_without_complications"
3086,"F1110","Drugs"
3087,"F11120","Drugs"
3088,"F11122","Drugs"
3089,"F11129","Drugs"
3090,"F1114","Drugs"
3091,"F11159","Drugs"
3092,"F11181","Drugs"
3093,"F11182","Drugs"
3094,"F11188","Drugs"
3095,"F1119","Drugs"
3096,"F1120","Drugs"
3097,"F1121","Drugs"
3098,"F11220","Drugs"
3099,"F11221","Drugs"
3100,"F11222","Drugs"
3101,"F11229","Drugs"
3102,"F1123","Drugs"
3103,"F1124","Drugs"
3104,"F11250","Drugs"
3105,"F11251","Drugs"
3106,"F11259","Drugs"
3107,"F11281","Drugs"
3108,"F11282","Drugs"
3109,"F11288","Drugs"
3110,"F1129","Drugs"
3111,"F1190","Drugs"
3112,"F11922","Drugs"
3113,"F1193","Drugs"
3114,"F1194","Drugs"
3115,"F11959","Drugs"
3116,"F11981","Drugs"
3117,"F11982","Drugs"
3118,"F11988","Drugs"
3119,"F1199","Drugs"
3120,"F1210","Drugs"
3121,"F12122","Drugs"
3122,"F12159","Drugs"
3123,"F12180","Drugs"
3124,"F12188","Drugs"
3125,"F1219","Drugs"
3126,"F1220","Drugs"
3127,"F1221","Drugs"
3128,"F12220","Drugs"
3129,"F12221","Drugs"
3130,"F12222","Drugs"
3131,"F12229","Drugs"
3132,"F12250","Drugs"
3133,"F12251","Drugs"
3134,"F12259","Drugs"
3135,"F12280","Drugs"
3136,"F12288","Drugs"
3137,"F1229","Drugs"
3138,"F1290","Drugs"
3139,"F12922","Drugs"
3140,"F12959","Drugs"
3141,"F12980","Drugs"
3142,"F12988","Drugs"
3143,"F1299","Drugs"
3144,"F1310","Drugs"
3145,"F13120","Drugs"
3146,"F1314","Drugs"
3147,"F13159","Drugs"
3148,"F13180","Drugs"
3149,"F13181","Drugs"
3150,"F13182","Drugs"
3151,"F13188","Drugs"
3152,"F1319","Drugs"
3153,"F1320","Drugs"
3154,"F1321","Drugs"
3155,"F13220","Drugs"
3156,"F13221","Drugs"
3157,"F13229","Drugs"
3158,"F13230","Drugs"
3159,"F13231","Drugs"
3160,"F13232","Drugs"
3161,"F13239","Drugs"
3162,"F1324","Drugs"
3163,"F13250","Drugs"
3164,"F13251","Drugs"
3165,"F13259","Drugs"
3166,"F1326","Drugs"
3167,"F1327","Drugs"
3168,"F13280","Drugs"
3169,"F13281","Drugs"
3170,"F13282","Drugs"
3171,"F13288","Drugs"
3172,"F1329","Drugs"
3173,"F1390","Drugs"
3174,"F13930","Drugs"
3175,"F13931","Drugs"
3176,"F13932","Drugs"
3177,"F13939","Drugs"
3178,"F1394","Drugs"
3179,"F13959","Drugs"
3180,"F1396","Drugs"
3181,"F1397","Drugs"
3182,"F13980","Drugs"
3183,"F13981","Drugs"
3184,"F13982","Drugs"
3185,"F13988","Drugs"
3186,"F1399","Drugs"
3187,"F1410","Drugs"
3188,"F14120","Drugs"
3189,"F14122","Drugs"
3190,"F1414","Drugs"
3191,"F14159","Drugs"
3192,"F14180","Drugs"
3193,"F14181","Drugs"
3194,"F14182","Drugs"
3195,"F14188","Drugs"
3196,"F1419","Drugs"
3197,"F1420","Drugs"
3198,"F1421","Drugs"
3199,"F14220","Drugs"
3200,"F14221","Drugs"
3201,"F14222","Drugs"
3202,"F14229","Drugs"
3203,"F1423","Drugs"
3204,"F1424","Drugs"
3205,"F14250","Drugs"
3206,"F14251","Drugs"
3207,"F14259","Drugs"
3208,"F14280","Drugs"
3209,"F14281","Drugs"
3210,"F14282","Drugs"
3211,"F14288","Drugs"
3212,"F1429","Drugs"
3213,"F1490","Drugs"
3214,"F14922","Drugs"
3215,"F1494","Drugs"
3216,"F14959","Drugs"
3217,"F14980","Drugs"
3218,"F14981","Drugs"
3219,"F14982","Drugs"
3220,"F14988","Drugs"
3221,"F1499","Drugs"
3222,"F1510","Drugs"
3223,"F15120","Drugs"
3224,"F15122","Drugs"
3225,"F1514","Drugs"
3226,"F15159","Drugs"
3227,"F15180","Drugs"
3228,"F15181","Drugs"
3229,"F15182","Drugs"
3230,"F15188","Drugs"
3231,"F1519","Drugs"
3232,"F1520","Drugs"
3233,"F1521","Drugs"
3234,"F15220","Drugs"
3235,"F15221","Drugs"
3236,"F15222","Drugs"
3237,"F15229","Drugs"
3238,"F1523","Drugs"
3239,"F1524","Drugs"
3240,"F15250","Drugs"
3241,"F15251","Drugs"
3242,"F15259","Drugs"
3243,"F15280","Drugs"
3244,"F15281","Drugs"
3245,"F15282","Drugs"
3246,"F15288","Drugs"
3247,"F1529","Drugs"
3248,"F1590","Drugs"
3249,"F15922","Drugs"
3250,"F1593","Drugs"
3251,"F1594","Drugs"
3252,"F15959","Drugs"
3253,"F15980","Drugs"
3254,"F15981","Drugs"
3255,"F15982","Drugs"
3256,"F15988","Drugs"
3257,"F1599","Drugs"
3258,"F1610","Drugs"
3259,"F16120","Drugs"
3260,"F16122","Drugs"
3261,"F1614","Drugs"
3262,"F16159","Drugs"
3263,"F16180","Drugs"
3264,"F16183","Drugs"
3265,"F16188","Drugs"
3266,"F1619","Drugs"
3267,"F1620","Drugs"
3268,"F1621","Drugs"
3269,"F16220","Drugs"
3270,"F16221","Drugs"
3271,"F16229","Drugs"
3272,"F1624","Drugs"
3273,"F16250","Drugs"
3274,"F16251","Drugs"
3275,"F16259","Drugs"
3276,"F16280","Drugs"
3277,"F16283","Drugs"
3278,"F16288","Drugs"
3279,"F1629","Drugs"
3280,"F1690","Drugs"
3281,"F1694","Drugs"
3282,"F16959","Drugs"
3283,"F16980","Drugs"
3284,"F16983","Drugs"
3285,"F16988","Drugs"
3286,"F1699","Drugs"
3287,"F1810","Drugs"
3288,"F18120","Drugs"
3289,"F1814","Drugs"
3290,"F18159","Drugs"
3291,"F1817","Drugs"
3292,"F18180","Drugs"
3293,"F18188","Drugs"
3294,"F1819","Drugs"
3295,"F1820","Drugs"
3296,"F1821","Drugs"
3297,"F18220","Drugs"
3298,"F18221","Drugs"
3299,"F18229","Drugs"
3300,"F1824","Drugs"
3301,"F18250","Drugs"
3302,"F18251","Drugs"
3303,"F18259","Drugs"
3304,"F1827","Drugs"
3305,"F18280","Drugs"
3306,"F18288","Drugs"
3307,"F1829","Drugs"
3308,"F1890","Drugs"
3309,"F1894","Drugs"
3310,"F18959","Drugs"
3311,"F1897","Drugs"
3312,"F18980","Drugs"
3313,"F18988","Drugs"
3314,"F1899","Drugs"
3315,"F1910","Drugs"
3316,"F19120","Drugs"
3317,"F19122","Drugs"
3318,"F1914","Drugs"
3319,"F19159","Drugs"
3320,"F1916","Drugs"
3321,"F1917","Drugs"
3322,"F19180","Drugs"
3323,"F19181","Drugs"
3324,"F19182","Drugs"
3325,"F19188","Drugs"
3326,"F1919","Drugs"
3327,"F1920","Drugs"
3328,"F1921","Drugs"
3329,"F19220","Drugs"
3330,"F19221","Drugs"
3331,"F19222","Drugs"
3332,"F19229","Drugs"
3333,"F19230","Drugs"
3334,"F19231","Drugs"
3335,"F19232","Drugs"
3336,"F19239","Drugs"
3337,"F1924","Drugs"
3338,"F19250","Drugs"
3339,"F19251","Drugs"
3340,"F19259","Drugs"
3341,"F1926","Drugs"
3342,"F1927","Drugs"
3343,"F19280","Drugs"
3344,"F19281","Drugs"
3345,"F19282","Drugs"
3346,"F19288","Drugs"
3347,"F1929","Drugs"
3348,"F1990","Drugs"
3349,"F19922","Drugs"
3350,"F19930","Drugs"
3351,"F19931","Drugs"
3352,"F19932","Drugs"
3353,"F19939","Drugs"
3354,"F1994","Drugs"
3355,"F19959","Drugs"
3356,"F1996","Drugs"
3357,"F1997","Drugs"
3358,"F19980","Drugs"
3359,"F19981","Drugs"
3360,"F19982","Drugs"
3361,"F19988","Drugs"
3362,"F1999","Drugs"
3363,"F550","Drugs"
3364,"F551","Drugs"
3365,"F552","Drugs"
3366,"F553","Drugs"
3367,"F554","Drugs"
3368,"F558","Drugs"
3369,"O99320","Drugs"
3370,"O99321","Drugs"
3371,"O99322","Drugs"
3372,"O99323","Drugs"
3373,"O99324","Drugs"
3374,"O99325","Drugs"
3026,"B20","HIV"
3027,"B21","HIV"
3028,"B22","HIV"
3029,"B24","HIV"
3073,"I10","Hypertension"
3074,"O10011","Hypertension"
3075,"O10012","Hypertension"
3076,"O10013","Hypertension"
3077,"O10019","Hypertension"
3078,"O1002","Hypertension"
3079,"O1003","Hypertension"
3080,"O10911","Hypertension"
3081,"O10912","Hypertension"
3082,"O10913","Hypertension"
3083,"O10919","Hypertension"
3084,"O1092","Hypertension"
3085,"O1093","Hypertension"
1450,"B18","LiverMild"
1451,"B180","LiverMild"
1452,"B181","LiverMild"
1453,"B182","LiverMild"
1454,"B188","LiverMild"
1455,"B189","LiverMild"
1456,"K700","LiverMild"
1457,"K701","LiverMild"
1458,"K7010","LiverMild"
1459,"K7011","LiverMild"
1460,"K702","LiverMild"
1461,"K703","LiverMild"
1462,"K7030","LiverMild"
1463,"K7031","LiverMild"
1464,"K709","LiverMild"
1465,"K713","LiverMild"
1466,"K714","LiverMild"
1467,"K715","LiverMild"
1468,"K7150","LiverMild"
1469,"K7151","LiverMild"
1470,"K717","LiverMild"
1471,"K73","LiverMild"
1472,"K730","LiverMild"
1473,"K731","LiverMild"
1474,"K732","LiverMild"
1475,"K738","LiverMild"
1476,"K739","LiverMild"
1477,"K74","LiverMild"
1478,"K740","LiverMild"
1479,"K741","LiverMild"
1480,"K742","LiverMild"
1481,"K743","LiverMild"
1482,"K744","LiverMild"
1483,"K745","LiverMild"
1484,"K746","LiverMild"
1485,"K7460","LiverMild"
1486,"K7469","LiverMild"
1487,"K760","LiverMild"
1488,"K762","LiverMild"
1489,"K763","LiverMild"
1490,"K764","LiverMild"
1491,"K768","LiverMild"
1492,"K7681","LiverMild"
1493,"K7689","LiverMild"
1494,"K769","LiverMild"
1495,"Z944","LiverMild"
2943,"I850","LiverSevere"
2944,"I8500","LiverSevere"
2945,"I8501","LiverSevere"
2946,"I859","LiverSevere"
2947,"I864","LiverSevere"
2948,"I982","LiverSevere"
2949,"K704","LiverSevere"
2950,"K7040","LiverSevere"
2951,"K7041","LiverSevere"
2952,"K711","LiverSevere"
2953,"K7110","LiverSevere"
2954,"K7111","LiverSevere"
2955,"K721","LiverSevere"
2956,"K7210","LiverSevere"
2957,"K7211","LiverSevere"
2958,"K729","LiverSevere"
2959,"K7290","LiverSevere"
2960,"K7291","LiverSevere"
2961,"K765","LiverSevere"
2962,"K766","LiverSevere"
2963,"K767","LiverSevere"
2964,"C77","Metastatic_solid_tumour"
2965,"C770","Metastatic_solid_tumour"
2966,"C771","Metastatic_solid_tumour"
2967,"C772","Metastatic_solid_tumour"
2968,"C773","Metastatic_solid_tumour"
2969,"C774","Metastatic_solid_tumour"
2970,"C775","Metastatic_solid_tumour"
2971,"C778","Metastatic_solid_tumour"
2972,"C779","Metastatic_solid_tumour"
2973,"C78","Metastatic_solid_tumour"
2974,"C780","Metastatic_solid_tumour"
2975,"C7800","Metastatic_solid_tumour"
2976,"C7801","Metastatic_solid_tumour"
2977,"C7802","Metastatic_solid_tumour"
2978,"C781","Metastatic_solid_tumour"
2979,"C782","Metastatic_solid_tumour"
2980,"C783","Metastatic_solid_tumour"
2981,"C7830","Metastatic_solid_tumour"
2982,"C7839","Metastatic_solid_tumour"
2983,"C784","Metastatic_solid_tumour"
2984,"C785","Metastatic_solid_tumour"
2985,"C786","Metastatic_solid_tumour"
2986,"C787","Metastatic_solid_tumour"
2987,"C788","Metastatic_solid_tumour"
2988,"C7880","Metastatic_solid_tumour"
2989,"C7889","Metastatic_solid_tumour"
2990,"C79","Metastatic_solid_tumour"
2991,"C790","Metastatic_solid_tumour"
2992,"C7900","Metastatic_solid_tumour"
2993,"C7901","Metastatic_solid_tumour"
2994,"C7902","Metastatic_solid_tumour"
2995,"C791","Metastatic_solid_tumour"
2996,"C7910","Metastatic_solid_tumour"
2997,"C7911","Metastatic_solid_tumour"
2998,"C7919","Metastatic_solid_tumour"
2999,"C792","Metastatic_solid_tumour"
3000,"C793","Metastatic_solid_tumour"
3001,"C7931","Metastatic_solid_tumour"
3002,"C7932","Metastatic_solid_tumour"
3003,"C794","Metastatic_solid_tumour"
3004,"C7940","Metastatic_solid_tumour"
3005,"C7949","Metastatic_solid_tumour"
3006,"C795","Metastatic_solid_tumour"
3007,"C7951","Metastatic_solid_tumour"
3008,"C7952","Metastatic_solid_tumour"
3009,"C796","Metastatic_solid_tumour"
3010,"C7960","Metastatic_solid_tumour"
3011,"C7961","Metastatic_solid_tumour"
3012,"C7962","Metastatic_solid_tumour"
3013,"C797","Metastatic_solid_tumour"
3014,"C7970","Metastatic_solid_tumour"
3015,"C7971","Metastatic_solid_tumour"
3016,"C7972","Metastatic_solid_tumour"
3017,"C798","Metastatic_solid_tumour"
3018,"C7981","Metastatic_solid_tumour"
3019,"C7982","Metastatic_solid_tumour"
3020,"C7989","Metastatic_solid_tumour"
3021,"C799","Metastatic_solid_tumour"
3022,"C80","Metastatic_solid_tumour"
3023,"C800","Metastatic_solid_tumour"
3024,"C801","Metastatic_solid_tumour"
3025,"C802","Metastatic_solid_tumour"
1,"I21","Myocardial_infarction"
2,"I210","Myocardial_infarction"
3,"I2101","Myocardial_infarction"
4,"I2102","Myocardial_infarction"
5,"I2109","Myocardial_infarction"
6,"I211","Myocardial_infarction"
7,"I2111","Myocardial_infarction"
8,"I2119","Myocardial_infarction"
9,"I212","Myocardial_infarction"
10,"I2121","Myocardial_infarction"
11,"I2129","Myocardial_infarction"
12,"I213","Myocardial_infarction"
13,"I214","Myocardial_infarction"
14,"I22","Myocardial_infarction"
15,"I220","Myocardial_infarction"
16,"I221","Myocardial_infarction"
17,"I222","Myocardial_infarction"
18,"I228","Myocardial_infarction"
19,"I229","Myocardial_infarction"
20,"I252","Myocardial_infarction"
3030,"E6601","Obesity"
3031,"E6609","Obesity"
3032,"E661","Obesity"
3033,"E662","Obesity"
3034,"E668","Obesity"
3035,"E669","Obesity"
3036,"O99210","Obesity"
3037,"O99211","Obesity"
3038,"O99212","Obesity"
3039,"O99213","Obesity"
3040,"O99214","Obesity"
3041,"O99215","Obesity"
3042,"R939","Obesity"
3043,"Z6830","Obesity"
3044,"Z6831","Obesity"
3045,"Z6832","Obesity"
3046,"Z6833","Obesity"
3047,"Z6834","Obesity"
3048,"Z6835","Obesity"
3049,"Z6836","Obesity"
3050,"Z6837","Obesity"
3051,"Z6838","Obesity"
3052,"Z6839","Obesity"
3053,"Z6841","Obesity"
3054,"Z6842","Obesity"
3055,"Z6843","Obesity"
3056,"Z6844","Obesity"
3057,"Z6845","Obesity"
3058,"Z6854","Obesity"
1689,"G041","Paralysis"
1690,"G114","Paralysis"
1691,"G801","Paralysis"
1692,"G802","Paralysis"
1693,"G81","Paralysis"
1694,"G810","Paralysis"
1695,"G8100","Paralysis"
1696,"G8101","Paralysis"
1697,"G8102","Paralysis"
1698,"G8103","Paralysis"
1699,"G8104","Paralysis"
1700,"G811","Paralysis"
1701,"G8110","Paralysis"
1702,"G8111","Paralysis"
1703,"G8112","Paralysis"
1704,"G8113","Paralysis"
1705,"G8114","Paralysis"
1706,"G819","Paralysis"
1707,"G8190","Paralysis"
1708,"G8191","Paralysis"
1709,"G8192","Paralysis"
1710,"G8193","Paralysis"
1711,"G8194","Paralysis"
1712,"G82","Paralysis"
1713,"G822","Paralysis"
1714,"G8220","Paralysis"
1715,"G8221","Paralysis"
1716,"G8222","Paralysis"
1717,"G825","Paralysis"
1718,"G8250","Paralysis"
1719,"G8251","Paralysis"
1720,"G8252","Paralysis"
1721,"G8253","Paralysis"
1722,"G8254","Paralysis"
1723,"G830","Paralysis"
1724,"G831","Paralysis"
1725,"G8310","Paralysis"
1726,"G8311","Paralysis"
1727,"G8312","Paralysis"
1728,"G8313","Paralysis"
1729,"G8314","Paralysis"
1730,"G832","Paralysis"
1731,"G8320","Paralysis"
1732,"G8321","Paralysis"
1733,"G8322","Paralysis"
1734,"G8323","Paralysis"
1735,"G8324","Paralysis"
1736,"G833","Paralysis"
1737,"G8330","Paralysis"
1738,"G8331","Paralysis"
1739,"G8332","Paralysis"
1740,"G8333","Paralysis"
1741,"G8334","Paralysis"
1742,"G834","Paralysis"
1743,"G839","Paralysis"
1410,"K25","Peptic_ulcer_disease"
1411,"K250","Peptic_ulcer_disease"
1412,"K251","Peptic_ulcer_disease"
1413,"K252","Peptic_ulcer_disease"
1414,"K253","Peptic_ulcer_disease"
1415,"K254","Peptic_ulcer_disease"
1416,"K255","Peptic_ulcer_disease"
1417,"K256","Peptic_ulcer_disease"
1418,"K257","Peptic_ulcer_disease"
1419,"K259","Peptic_ulcer_disease"
1420,"K26","Peptic_ulcer_disease"
1421,"K260","Peptic_ulcer_disease"
1422,"K261","Peptic_ulcer_disease"
1423,"K262","Peptic_ulcer_disease"
1424,"K263","Peptic_ulcer_disease"
1425,"K264","Peptic_ulcer_disease"
1426,"K265","Peptic_ulcer_disease"
1427,"K266","Peptic_ulcer_disease"
1428,"K267","Peptic_ulcer_disease"
1429,"K269","Peptic_ulcer_disease"
1430,"K27","Peptic_ulcer_disease"
1431,"K270","Peptic_ulcer_disease"
1432,"K271","Peptic_ulcer_disease"
1433,"K272","Peptic_ulcer_disease"
1434,"K273","Peptic_ulcer_disease"
1435,"K274","Peptic_ulcer_disease"
1436,"K275","Peptic_ulcer_disease"
1437,"K276","Peptic_ulcer_disease"
1438,"K277","Peptic_ulcer_disease"
1439,"K279","Peptic_ulcer_disease"
1440,"K28","Peptic_ulcer_disease"
1441,"K280","Peptic_ulcer_disease"
1442,"K281","Peptic_ulcer_disease"
1443,"K282","Peptic_ulcer_disease"
1444,"K283","Peptic_ulcer_disease"
1445,"K284","Peptic_ulcer_disease"
1446,"K285","Peptic_ulcer_disease"
1447,"K286","Peptic_ulcer_disease"
1448,"K287","Peptic_ulcer_disease"
1449,"K289","Peptic_ulcer_disease"
52,"I70","Peripheral_vascular_disease"
53,"I700","Peripheral_vascular_disease"
54,"I701","Peripheral_vascular_disease"
55,"I702","Peripheral_vascular_disease"
56,"I7020","Peripheral_vascular_disease"
57,"I70201","Peripheral_vascular_disease"
58,"I70202","Peripheral_vascular_disease"
59,"I70203","Peripheral_vascular_disease"
60,"I70208","Peripheral_vascular_disease"
61,"I70209","Peripheral_vascular_disease"
62,"I7021","Peripheral_vascular_disease"
63,"I70211","Peripheral_vascular_disease"
64,"I70212","Peripheral_vascular_disease"
65,"I70213","Peripheral_vascular_disease"
66,"I70218","Peripheral_vascular_disease"
67,"I70219","Peripheral_vascular_disease"
68,"I7022","Peripheral_vascular_disease"
69,"I70221","Peripheral_vascular_disease"
70,"I70222","Peripheral_vascular_disease"
71,"I70223","Peripheral_vascular_disease"
72,"I70228","Peripheral_vascular_disease"
73,"I70229","Peripheral_vascular_disease"
74,"I7023","Peripheral_vascular_disease"
75,"I70231","Peripheral_vascular_disease"
76,"I70232","Peripheral_vascular_disease"
77,"I70233","Peripheral_vascular_disease"
78,"I70234","Peripheral_vascular_disease"
79,"I70235","Peripheral_vascular_disease"
80,"I70238","Peripheral_vascular_disease"
81,"I70239","Peripheral_vascular_disease"
82,"I7024","Peripheral_vascular_disease"
83,"I70241","Peripheral_vascular_disease"
84,"I70242","Peripheral_vascular_disease"
85,"I70243","Peripheral_vascular_disease"
86,"I70244","Peripheral_vascular_disease"
87,"I70245","Peripheral_vascular_disease"
88,"I70248","Peripheral_vascular_disease"
89,"I70249","Peripheral_vascular_disease"
90,"I7025","Peripheral_vascular_disease"
91,"I7026","Peripheral_vascular_disease"
92,"I70261","Peripheral_vascular_disease"
93,"I70262","Peripheral_vascular_disease"
94,"I70263","Peripheral_vascular_disease"
95,"I70268","Peripheral_vascular_disease"
96,"I70269","Peripheral_vascular_disease"
97,"I7029","Peripheral_vascular_disease"
98,"I70291","Peripheral_vascular_disease"
99,"I70292","Peripheral_vascular_disease"
100,"I70293","Peripheral_vascular_disease"
101,"I70298","Peripheral_vascular_disease"
102,"I70299","Peripheral_vascular_disease"
103,"I703","Peripheral_vascular_disease"
104,"I7030","Peripheral_vascular_disease"
105,"I70301","Peripheral_vascular_disease"
106,"I70302","Peripheral_vascular_disease"
107,"I70303","Peripheral_vascular_disease"
108,"I70308","Peripheral_vascular_disease"
109,"I70309","Peripheral_vascular_disease"
110,"I7031","Peripheral_vascular_disease"
111,"I70311","Peripheral_vascular_disease"
112,"I70312","Peripheral_vascular_disease"
113,"I70313","Peripheral_vascular_disease"
114,"I70318","Peripheral_vascular_disease"
115,"I70319","Peripheral_vascular_disease"
116,"I7032","Peripheral_vascular_disease"
117,"I70321","Peripheral_vascular_disease"
118,"I70322","Peripheral_vascular_disease"
119,"I70323","Peripheral_vascular_disease"
120,"I70328","Peripheral_vascular_disease"
121,"I70329","Peripheral_vascular_disease"
122,"I7033","Peripheral_vascular_disease"
123,"I70331","Peripheral_vascular_disease"
124,"I70332","Peripheral_vascular_disease"
125,"I70333","Peripheral_vascular_disease"
126,"I70334","Peripheral_vascular_disease"
127,"I70335","Peripheral_vascular_disease"
128,"I70338","Peripheral_vascular_disease"
129,"I70339","Peripheral_vascular_disease"
130,"I7034","Peripheral_vascular_disease"
131,"I70341","Peripheral_vascular_disease"
132,"I70342","Peripheral_vascular_disease"
133,"I70343","Peripheral_vascular_disease"
134,"I70344","Peripheral_vascular_disease"
135,"I70345","Peripheral_vascular_disease"
136,"I70348","Peripheral_vascular_disease"
137,"I70349","Peripheral_vascular_disease"
138,"I7035","Peripheral_vascular_disease"
139,"I7036","Peripheral_vascular_disease"
140,"I70361","Peripheral_vascular_disease"
141,"I70362","Peripheral_vascular_disease"
142,"I70363","Peripheral_vascular_disease"
143,"I70368","Peripheral_vascular_disease"
144,"I70369","Peripheral_vascular_disease"
145,"I7039","Peripheral_vascular_disease"
146,"I70391","Peripheral_vascular_disease"
147,"I70392","Peripheral_vascular_disease"
148,"I70393","Peripheral_vascular_disease"
149,"I70398","Peripheral_vascular_disease"
150,"I70399","Peripheral_vascular_disease"
151,"I704","Peripheral_vascular_disease"
152,"I7040","Peripheral_vascular_disease"
153,"I70401","Peripheral_vascular_disease"
154,"I70402","Peripheral_vascular_disease"
155,"I70403","Peripheral_vascular_disease"
156,"I70408","Peripheral_vascular_disease"
157,"I70409","Peripheral_vascular_disease"
158,"I7041","Peripheral_vascular_disease"
159,"I70411","Peripheral_vascular_disease"
160,"I70412","Peripheral_vascular_disease"
161,"I70413","Peripheral_vascular_disease"
162,"I70418","Peripheral_vascular_disease"
163,"I70419","Peripheral_vascular_disease"
164,"I7042","Peripheral_vascular_disease"
165,"I70421","Peripheral_vascular_disease"
166,"I70422","Peripheral_vascular_disease"
167,"I70423","Peripheral_vascular_disease"
168,"I70428","Peripheral_vascular_disease"
169,"I70429","Peripheral_vascular_disease"
170,"I7043","Peripheral_vascular_disease"
171,"I70431","Peripheral_vascular_disease"
172,"I70432","Peripheral_vascular_disease"
173,"I70433","Peripheral_vascular_disease"
174,"I70434","Peripheral_vascular_disease"
175,"I70435","Peripheral_vascular_disease"
176,"I70438","Peripheral_vascular_disease"
177,"I70439","Peripheral_vascular_disease"
178,"I7044","Peripheral_vascular_disease"
179,"I70441","Peripheral_vascular_disease"
180,"I70442","Peripheral_vascular_disease"
181,"I70443","Peripheral_vascular_disease"
182,"I70444","Peripheral_vascular_disease"
183,"I70445","Peripheral_vascular_disease"
184,"I70448","Peripheral_vascular_disease"
185,"I70449","Peripheral_vascular_disease"
186,"I7045","Peripheral_vascular_disease"
187,"I7046","Peripheral_vascular_disease"
188,"I70461","Peripheral_vascular_disease"
189,"I70462","Peripheral_vascular_disease"
190,"I70463","Peripheral_vascular_disease"
191,"I70468","Peripheral_vascular_disease"
192,"I70469","Peripheral_vascular_disease"
193,"I7049","Peripheral_vascular_disease"
194,"I70491","Peripheral_vascular_disease"
195,"I70492","Peripheral_vascular_disease"
196,"I70493","Peripheral_vascular_disease"
197,"I70498","Peripheral_vascular_disease"
198,"I70499","Peripheral_vascular_disease"
199,"I705","Peripheral_vascular_disease"
200,"I7050","Peripheral_vascular_disease"
201,"I70501","Peripheral_vascular_disease"
202,"I70502","Peripheral_vascular_disease"
203,"I70503","Peripheral_vascular_disease"
204,"I70508","Peripheral_vascular_disease"
205,"I70509","Peripheral_vascular_disease"
206,"I7051","Peripheral_vascular_disease"
207,"I70511","Peripheral_vascular_disease"
208,"I70512","Peripheral_vascular_disease"
209,"I70513","Peripheral_vascular_disease"
210,"I70518","Peripheral_vascular_disease"
211,"I70519","Peripheral_vascular_disease"
212,"I7052","Peripheral_vascular_disease"
213,"I70521","Peripheral_vascular_disease"
214,"I70522","Peripheral_vascular_disease"
215,"I70523","Peripheral_vascular_disease"
216,"I70528","Peripheral_vascular_disease"
217,"I70529","Peripheral_vascular_disease"
218,"I7053","Peripheral_vascular_disease"
219,"I70531","Peripheral_vascular_disease"
220,"I70532","Peripheral_vascular_disease"
221,"I70533","Peripheral_vascular_disease"
222,"I70534","Peripheral_vascular_disease"
223,"I70535","Peripheral_vascular_disease"
224,"I70538","Peripheral_vascular_disease"
225,"I70539","Peripheral_vascular_disease"
226,"I7054","Peripheral_vascular_disease"
227,"I70541","Peripheral_vascular_disease"
228,"I70542","Peripheral_vascular_disease"
229,"I70543","Peripheral_vascular_disease"
230,"I70544","Peripheral_vascular_disease"
231,"I70545","Peripheral_vascular_disease"
232,"I70548","Peripheral_vascular_disease"
233,"I70549","Peripheral_vascular_disease"
234,"I7055","Peripheral_vascular_disease"
235,"I7056","Peripheral_vascular_disease"
236,"I70561","Peripheral_vascular_disease"
237,"I70562","Peripheral_vascular_disease"
238,"I70563","Peripheral_vascular_disease"
239,"I70568","Peripheral_vascular_disease"
240,"I70569","Peripheral_vascular_disease"
241,"I7059","Peripheral_vascular_disease"
242,"I70591","Peripheral_vascular_disease"
243,"I70592","Peripheral_vascular_disease"
244,"I70593","Peripheral_vascular_disease"
245,"I70598","Peripheral_vascular_disease"
246,"I70599","Peripheral_vascular_disease"
247,"I706","Peripheral_vascular_disease"
248,"I7060","Peripheral_vascular_disease"
249,"I70601","Peripheral_vascular_disease"
250,"I70602","Peripheral_vascular_disease"
251,"I70603","Peripheral_vascular_disease"
252,"I70608","Peripheral_vascular_disease"
253,"I70609","Peripheral_vascular_disease"
254,"I7061","Peripheral_vascular_disease"
255,"I70611","Peripheral_vascular_disease"
256,"I70612","Peripheral_vascular_disease"
257,"I70613","Peripheral_vascular_disease"
258,"I70618","Peripheral_vascular_disease"
259,"I70619","Peripheral_vascular_disease"
260,"I7062","Peripheral_vascular_disease"
261,"I70621","Peripheral_vascular_disease"
262,"I70622","Peripheral_vascular_disease"
263,"I70623","Peripheral_vascular_disease"
264,"I70628","Peripheral_vascular_disease"
265,"I70629","Peripheral_vascular_disease"
266,"I7063","Peripheral_vascular_disease"
267,"I70631","Peripheral_vascular_disease"
268,"I70632","Peripheral_vascular_disease"
269,"I70633","Peripheral_vascular_disease"
270,"I70634","Peripheral_vascular_disease"
271,"I70635","Peripheral_vascular_disease"
272,"I70638","Peripheral_vascular_disease"
273,"I70639","Peripheral_vascular_disease"
274,"I7064","Peripheral_vascular_disease"
275,"I70641","Peripheral_vascular_disease"
276,"I70642","Peripheral_vascular_disease"
277,"I70643","Peripheral_vascular_disease"
278,"I70644","Peripheral_vascular_disease"
279,"I70645","Peripheral_vascular_disease"
280,"I70648","Peripheral_vascular_disease"
281,"I70649","Peripheral_vascular_disease"
282,"I7065","Peripheral_vascular_disease"
283,"I7066","Peripheral_vascular_disease"
284,"I70661","Peripheral_vascular_disease"
285,"I70662","Peripheral_vascular_disease"
286,"I70663","Peripheral_vascular_disease"
287,"I70668","Peripheral_vascular_disease"
288,"I70669","Peripheral_vascular_disease"
289,"I7069","Peripheral_vascular_disease"
290,"I70691","Peripheral_vascular_disease"
291,"I70692","Peripheral_vascular_disease"
292,"I70693","Peripheral_vascular_disease"
293,"I70698","Peripheral_vascular_disease"
294,"I70699","Peripheral_vascular_disease"
295,"I707","Peripheral_vascular_disease"
296,"I7070","Peripheral_vascular_disease"
297,"I70701","Peripheral_vascular_disease"
298,"I70702","Peripheral_vascular_disease"
299,"I70703","Peripheral_vascular_disease"
300,"I70708","Peripheral_vascular_disease"
301,"I70709","Peripheral_vascular_disease"
302,"I7071","Peripheral_vascular_disease"
303,"I70711","Peripheral_vascular_disease"
304,"I70712","Peripheral_vascular_disease"
305,"I70713","Peripheral_vascular_disease"
306,"I70718","Peripheral_vascular_disease"
307,"I70719","Peripheral_vascular_disease"
308,"I7072","Peripheral_vascular_disease"
309,"I70721","Peripheral_vascular_disease"
310,"I70722","Peripheral_vascular_disease"
311,"I70723","Peripheral_vascular_disease"
312,"I70728","Peripheral_vascular_disease"
313,"I70729","Peripheral_vascular_disease"
314,"I7073","Peripheral_vascular_disease"
315,"I70731","Peripheral_vascular_disease"
316,"I70732","Peripheral_vascular_disease"
317,"I70733","Peripheral_vascular_disease"
318,"I70734","Peripheral_vascular_disease"
319,"I70735","Peripheral_vascular_disease"
320,"I70738","Peripheral_vascular_disease"
321,"I70739","Peripheral_vascular_disease"
322,"I7074","Peripheral_vascular_disease"
323,"I70741","Peripheral_vascular_disease"
324,"I70742","Peripheral_vascular_disease"
325,"I70743","Peripheral_vascular_disease"
326,"I70744","Peripheral_vascular_disease"
327,"I70745","Peripheral_vascular_disease"
328,"I70748","Peripheral_vascular_disease"
329,"I70749","Peripheral_vascular_disease"
330,"I7075","Peripheral_vascular_disease"
331,"I7076","Peripheral_vascular_disease"
332,"I70761","Peripheral_vascular_disease"
333,"I70762","Peripheral_vascular_disease"
334,"I70763","Peripheral_vascular_disease"
335,"I70768","Peripheral_vascular_disease"
336,"I70769","Peripheral_vascular_disease"
337,"I7079","Peripheral_vascular_disease"
338,"I70791","Peripheral_vascular_disease"
339,"I70792","Peripheral_vascular_disease"
340,"I70793","Peripheral_vascular_disease"
341,"I70798","Peripheral_vascular_disease"
342,"I70799","Peripheral_vascular_disease"
343,"I708","Peripheral_vascular_disease"
344,"I709","Peripheral_vascular_disease"
345,"I7090","Peripheral_vascular_disease"
346,"I7091","Peripheral_vascular_disease"
347,"I7092","Peripheral_vascular_disease"
348,"I71","Peripheral_vascular_disease"
349,"I710","Peripheral_vascular_disease"
350,"I7100","Peripheral_vascular_disease"
351,"I7101","Peripheral_vascular_disease"
352,"I7102","Peripheral_vascular_disease"
353,"I7103","Peripheral_vascular_disease"
354,"I711","Peripheral_vascular_disease"
355,"I712","Peripheral_vascular_disease"
356,"I713","Peripheral_vascular_disease"
357,"I714","Peripheral_vascular_disease"
358,"I715","Peripheral_vascular_disease"
359,"I716","Peripheral_vascular_disease"
360,"I718","Peripheral_vascular_disease"
361,"I719","Peripheral_vascular_disease"
362,"I731","Peripheral_vascular_disease"
363,"I738","Peripheral_vascular_disease"
364,"I7381","Peripheral_vascular_disease"
365,"I7389","Peripheral_vascular_disease"
366,"I739","Peripheral_vascular_disease"
367,"I771","Peripheral_vascular_disease"
368,"I790","Peripheral_vascular_disease"
369,"I792","Peripheral_vascular_disease"
370,"K551","Peripheral_vascular_disease"
371,"K558","Peripheral_vascular_disease"
372,"K559","Peripheral_vascular_disease"
373,"Z958","Peripheral_vascular_disease"
374,"Z9581","Peripheral_vascular_disease"
375,"Z95810","Peripheral_vascular_disease"
376,"Z95811","Peripheral_vascular_disease"
377,"Z95812","Peripheral_vascular_disease"
378,"Z95818","Peripheral_vascular_disease"
379,"Z9582","Peripheral_vascular_disease"
380,"Z95820","Peripheral_vascular_disease"
381,"Z95828","Peripheral_vascular_disease"
382,"Z959","Peripheral_vascular_disease"
864,"I278","Pulmonary"
865,"I2781","Pulmonary"
866,"I2782","Pulmonary"
867,"I2789","Pulmonary"
868,"I279","Pulmonary"
869,"J40","Pulmonary"
870,"J41","Pulmonary"
871,"J410","Pulmonary"
872,"J411","Pulmonary"
873,"J418","Pulmonary"
874,"J42","Pulmonary"
875,"J43","Pulmonary"
876,"J430","Pulmonary"
877,"J431","Pulmonary"
878,"J432","Pulmonary"
879,"J438","Pulmonary"
880,"J439","Pulmonary"
881,"J44","Pulmonary"
882,"J440","Pulmonary"
883,"J441","Pulmonary"
884,"J449","Pulmonary"
885,"J45","Pulmonary"
886,"J452","Pulmonary"
887,"J4520","Pulmonary"
888,"J4521","Pulmonary"
889,"J4522","Pulmonary"
890,"J453","Pulmonary"
891,"J4530","Pulmonary"
892,"J4531","Pulmonary"
893,"J4532","Pulmonary"
894,"J454","Pulmonary"
895,"J4540","Pulmonary"
896,"J4541","Pulmonary"
897,"J4542","Pulmonary"
898,"J455","Pulmonary"
899,"J4550","Pulmonary"
900,"J4551","Pulmonary"
901,"J4552","Pulmonary"
902,"J459","Pulmonary"
903,"J4590","Pulmonary"
904,"J45901","Pulmonary"
905,"J45902","Pulmonary"
906,"J45909","Pulmonary"
907,"J4599","Pulmonary"
908,"J45990","Pulmonary"
909,"J45991","Pulmonary"
910,"J45998","Pulmonary"
911,"J46","Pulmonary"
912,"J47","Pulmonary"
913,"J470","Pulmonary"
914,"J471","Pulmonary"
915,"J479","Pulmonary"
916,"J60","Pulmonary"
917,"J61","Pulmonary"
918,"J62","Pulmonary"
919,"J620","Pulmonary"
920,"J628","Pulmonary"
921,"J63","Pulmonary"
922,"J630","Pulmonary"
923,"J631","Pulmonary"
924,"J632","Pulmonary"
925,"J633","Pulmonary"
926,"J634","Pulmonary"
927,"J635","Pulmonary"
928,"J636","Pulmonary"
929,"J64","Pulmonary"
930,"J65","Pulmonary"
931,"J66","Pulmonary"
932,"J660","Pulmonary"
933,"J661","Pulmonary"
934,"J662","Pulmonary"
935,"J668","Pulmonary"
936,"J67","Pulmonary"
937,"J670","Pulmonary"
938,"J671","Pulmonary"
939,"J672","Pulmonary"
940,"J673","Pulmonary"
941,"J674","Pulmonary"
942,"J675","Pulmonary"
943,"J676","Pulmonary"
944,"J677","Pulmonary"
945,"J678","Pulmonary"
946,"J679","Pulmonary"
947,"J684","Pulmonary"
948,"J701","Pulmonary"
949,"J703","Pulmonary"
1744,"I120","Renal"
1745,"I131","Renal"
1746,"I1310","Renal"
1747,"I1311","Renal"
1748,"N032","Renal"
1749,"N033","Renal"
1750,"N034","Renal"
1751,"N035","Renal"
1752,"N036","Renal"
1753,"N037","Renal"
1754,"N052","Renal"
1755,"N053","Renal"
1756,"N054","Renal"
1757,"N055","Renal"
1758,"N056","Renal"
1759,"N057","Renal"
1760,"N18","Renal"
1761,"N181","Renal"
1762,"N182","Renal"
1763,"N183","Renal"
1764,"N184","Renal"
1765,"N185","Renal"
1766,"N186","Renal"
1767,"N189","Renal"
1768,"N19","Renal"
1769,"N250","Renal"
1770,"Z490","Renal"
1771,"Z4901","Renal"
1772,"Z4902","Renal"
1773,"Z491","Renal"
1774,"Z492","Renal"
1775,"Z940","Renal"
1776,"Z992","Renal"
950,"M05","Rheumatic"
951,"M050","Rheumatic"
952,"M0500","Rheumatic"
953,"M0501","Rheumatic"
954,"M05011","Rheumatic"
955,"M05012","Rheumatic"
956,"M05019","Rheumatic"
957,"M0502","Rheumatic"
958,"M05021","Rheumatic"
959,"M05022","Rheumatic"
960,"M05029","Rheumatic"
961,"M0503","Rheumatic"
962,"M05031","Rheumatic"
963,"M05032","Rheumatic"
964,"M05039","Rheumatic"
965,"M0504","Rheumatic"
966,"M05041","Rheumatic"
967,"M05042","Rheumatic"
968,"M05049","Rheumatic"
969,"M0505","Rheumatic"
970,"M05051","Rheumatic"
971,"M05052","Rheumatic"
972,"M05059","Rheumatic"
973,"M0506","Rheumatic"
974,"M05061","Rheumatic"
975,"M05062","Rheumatic"
976,"M05069","Rheumatic"
977,"M0507","Rheumatic"
978,"M05071","Rheumatic"
979,"M05072","Rheumatic"
980,"M05079","Rheumatic"
981,"M0509","Rheumatic"
982,"M051","Rheumatic"
983,"M0510","Rheumatic"
984,"M0511","Rheumatic"
985,"M05111","Rheumatic"
986,"M05112","Rheumatic"
987,"M05119","Rheumatic"
988,"M0512","Rheumatic"
989,"M05121","Rheumatic"
990,"M05122","Rheumatic"
991,"M05129","Rheumatic"
992,"M0513","Rheumatic"
993,"M05131","Rheumatic"
994,"M05132","Rheumatic"
995,"M05139","Rheumatic"
996,"M0514","Rheumatic"
997,"M05141","Rheumatic"
998,"M05142","Rheumatic"
999,"M05149","Rheumatic"
1000,"M0515","Rheumatic"
1001,"M05151","Rheumatic"
1002,"M05152","Rheumatic"
1003,"M05159","Rheumatic"
1004,"M0516","Rheumatic"
1005,"M05161","Rheumatic"
1006,"M05162","Rheumatic"
1007,"M05169","Rheumatic"
1008,"M0517","Rheumatic"
1009,"M05171","Rheumatic"
1010,"M05172","Rheumatic"
1011,"M05179","Rheumatic"
1012,"M0519","Rheumatic"
1013,"M052","Rheumatic"
1014,"M0520","Rheumatic"
1015,"M0521","Rheumatic"
1016,"M05211","Rheumatic"
1017,"M05212","Rheumatic"
1018,"M05219","Rheumatic"
1019,"M0522","Rheumatic"
1020,"M05221","Rheumatic"
1021,"M05222","Rheumatic"
1022,"M05229","Rheumatic"
1023,"M0523","Rheumatic"
1024,"M05231","Rheumatic"
1025,"M05232","Rheumatic"
1026,"M05239","Rheumatic"
1027,"M0524","Rheumatic"
1028,"M05241","Rheumatic"
1029,"M05242","Rheumatic"
1030,"M05249","Rheumatic"
1031,"M0525","Rheumatic"
1032,"M05251","Rheumatic"
1033,"M05252","Rheumatic"
1034,"M05259","Rheumatic"
1035,"M0526","Rheumatic"
1036,"M05261","Rheumatic"
1037,"M05262","Rheumatic"
1038,"M05269","Rheumatic"
1039,"M0527","Rheumatic"
1040,"M05271","Rheumatic"
1041,"M05272","Rheumatic"
1042,"M05279","Rheumatic"
1043,"M0529","Rheumatic"
1044,"M053","Rheumatic"
1045,"M0530","Rheumatic"
1046,"M0531","Rheumatic"
1047,"M05311","Rheumatic"
1048,"M05312","Rheumatic"
1049,"M05319","Rheumatic"
1050,"M0532","Rheumatic"
1051,"M05321","Rheumatic"
1052,"M05322","Rheumatic"
1053,"M05329","Rheumatic"
1054,"M0533","Rheumatic"
1055,"M05331","Rheumatic"
1056,"M05332","Rheumatic"
1057,"M05339","Rheumatic"
1058,"M0534","Rheumatic"
1059,"M05341","Rheumatic"
1060,"M05342","Rheumatic"
1061,"M05349","Rheumatic"
1062,"M0535","Rheumatic"
1063,"M05351","Rheumatic"
1064,"M05352","Rheumatic"
1065,"M05359","Rheumatic"
1066,"M0536","Rheumatic"
1067,"M05361","Rheumatic"
1068,"M05362","Rheumatic"
1069,"M05369","Rheumatic"
1070,"M0537","Rheumatic"
1071,"M05371","Rheumatic"
1072,"M05372","Rheumatic"
1073,"M05379","Rheumatic"
1074,"M0539","Rheumatic"
1075,"M054","Rheumatic"
1076,"M0540","Rheumatic"
1077,"M0541","Rheumatic"
1078,"M05411","Rheumatic"
1079,"M05412","Rheumatic"
1080,"M05419","Rheumatic"
1081,"M0542","Rheumatic"
1082,"M05421","Rheumatic"
1083,"M05422","Rheumatic"
1084,"M05429","Rheumatic"
1085,"M0543","Rheumatic"
1086,"M05431","Rheumatic"
1087,"M05432","Rheumatic"
1088,"M05439","Rheumatic"
1089,"M0544","Rheumatic"
1090,"M05441","Rheumatic"
1091,"M05442","Rheumatic"
1092,"M05449","Rheumatic"
1093,"M0545","Rheumatic"
1094,"M05451","Rheumatic"
1095,"M05452","Rheumatic"
1096,"M05459","Rheumatic"
1097,"M0546","Rheumatic"
1098,"M05461","Rheumatic"
1099,"M05462","Rheumatic"
1100,"M05469","Rheumatic"
1101,"M0547","Rheumatic"
1102,"M05471","Rheumatic"
1103,"M05472","Rheumatic"
1104,"M05479","Rheumatic"
1105,"M0549","Rheumatic"
1106,"M055","Rheumatic"
1107,"M0550","Rheumatic"
1108,"M0551","Rheumatic"
1109,"M05511","Rheumatic"
1110,"M05512","Rheumatic"
1111,"M05519","Rheumatic"
1112,"M0552","Rheumatic"
1113,"M05521","Rheumatic"
1114,"M05522","Rheumatic"
1115,"M05529","Rheumatic"
1116,"M0553","Rheumatic"
1117,"M05531","Rheumatic"
1118,"M05532","Rheumatic"
1119,"M05539","Rheumatic"
1120,"M0554","Rheumatic"
1121,"M05541","Rheumatic"
1122,"M05542","Rheumatic"
1123,"M05549","Rheumatic"
1124,"M0555","Rheumatic"
1125,"M05551","Rheumatic"
1126,"M05552","Rheumatic"
1127,"M05559","Rheumatic"
1128,"M0556","Rheumatic"
1129,"M05561","Rheumatic"
1130,"M05562","Rheumatic"
1131,"M05569","Rheumatic"
1132,"M0557","Rheumatic"
1133,"M05571","Rheumatic"
1134,"M05572","Rheumatic"
1135,"M05579","Rheumatic"
1136,"M0559","Rheumatic"
1137,"M056","Rheumatic"
1138,"M0560","Rheumatic"
1139,"M0561","Rheumatic"
1140,"M05611","Rheumatic"
1141,"M05612","Rheumatic"
1142,"M05619","Rheumatic"
1143,"M0562","Rheumatic"
1144,"M05621","Rheumatic"
1145,"M05622","Rheumatic"
1146,"M05629","Rheumatic"
1147,"M0563","Rheumatic"
1148,"M05631","Rheumatic"
1149,"M05632","Rheumatic"
1150,"M05639","Rheumatic"
1151,"M0564","Rheumatic"
1152,"M05641","Rheumatic"
1153,"M05642","Rheumatic"
1154,"M05649","Rheumatic"
1155,"M0565","Rheumatic"
1156,"M05651","Rheumatic"
1157,"M05652","Rheumatic"
1158,"M05659","Rheumatic"
1159,"M0566","Rheumatic"
1160,"M05661","Rheumatic"
1161,"M05662","Rheumatic"
1162,"M05669","Rheumatic"
1163,"M0567","Rheumatic"
1164,"M05671","Rheumatic"
1165,"M05672","Rheumatic"
1166,"M05679","Rheumatic"
1167,"M0569","Rheumatic"
1168,"M057","Rheumatic"
1169,"M0570","Rheumatic"
1170,"M0571","Rheumatic"
1171,"M05711","Rheumatic"
1172,"M05712","Rheumatic"
1173,"M05719","Rheumatic"
1174,"M0572","Rheumatic"
1175,"M05721","Rheumatic"
1176,"M05722","Rheumatic"
1177,"M05729","Rheumatic"
1178,"M0573","Rheumatic"
1179,"M05731","Rheumatic"
1180,"M05732","Rheumatic"
1181,"M05739","Rheumatic"
1182,"M0574","Rheumatic"
1183,"M05741","Rheumatic"
1184,"M05742","Rheumatic"
1185,"M05749","Rheumatic"
1186,"M0575","Rheumatic"
1187,"M05751","Rheumatic"
1188,"M05752","Rheumatic"
1189,"M05759","Rheumatic"
1190,"M0576","Rheumatic"
1191,"M05761","Rheumatic"
1192,"M05762","Rheumatic"
1193,"M05769","Rheumatic"
1194,"M0577","Rheumatic"
1195,"M05771","Rheumatic"
1196,"M05772","Rheumatic"
1197,"M05779","Rheumatic"
1198,"M0579","Rheumatic"
1199,"M058","Rheumatic"
1200,"M0580","Rheumatic"
1201,"M0581","Rheumatic"
1202,"M05811","Rheumatic"
1203,"M05812","Rheumatic"
1204,"M05819","Rheumatic"
1205,"M0582","Rheumatic"
1206,"M05821","Rheumatic"
1207,"M05822","Rheumatic"
1208,"M05829","Rheumatic"
1209,"M0583","Rheumatic"
1210,"M05831","Rheumatic"
1211,"M05832","Rheumatic"
1212,"M05839","Rheumatic"
1213,"M0584","Rheumatic"
1214,"M05841","Rheumatic"
1215,"M05842","Rheumatic"
1216,"M05849","Rheumatic"
1217,"M0585","Rheumatic"
1218,"M05851","Rheumatic"
1219,"M05852","Rheumatic"
1220,"M05859","Rheumatic"
1221,"M0586","Rheumatic"
1222,"M05861","Rheumatic"
1223,"M05862","Rheumatic"
1224,"M05869","Rheumatic"
1225,"M0587","Rheumatic"
1226,"M05871","Rheumatic"
1227,"M05872","Rheumatic"
1228,"M05879","Rheumatic"
1229,"M0589","Rheumatic"
1230,"M059","Rheumatic"
1231,"M06","Rheumatic"
1232,"M060","Rheumatic"
1233,"M0600","Rheumatic"
1234,"M0601","Rheumatic"
1235,"M06011","Rheumatic"
1236,"M06012","Rheumatic"
1237,"M06019","Rheumatic"
1238,"M0602","Rheumatic"
1239,"M06021","Rheumatic"
1240,"M06022","Rheumatic"
1241,"M06029","Rheumatic"
1242,"M0603","Rheumatic"
1243,"M06031","Rheumatic"
1244,"M06032","Rheumatic"
1245,"M06039","Rheumatic"
1246,"M0604","Rheumatic"
1247,"M06041","Rheumatic"
1248,"M06042","Rheumatic"
1249,"M06049","Rheumatic"
1250,"M0605","Rheumatic"
1251,"M06051","Rheumatic"
1252,"M06052","Rheumatic"
1253,"M06059","Rheumatic"
1254,"M0606","Rheumatic"
1255,"M06061","Rheumatic"
1256,"M06062","Rheumatic"
1257,"M06069","Rheumatic"
1258,"M0607","Rheumatic"
1259,"M06071","Rheumatic"
1260,"M06072","Rheumatic"
1261,"M06079","Rheumatic"
1262,"M0608","Rheumatic"
1263,"M0609","Rheumatic"
1264,"M061","Rheumatic"
1265,"M062","Rheumatic"
1266,"M0620","Rheumatic"
1267,"M0621","Rheumatic"
1268,"M06211","Rheumatic"
1269,"M06212","Rheumatic"
1270,"M06219","Rheumatic"
1271,"M0622","Rheumatic"
1272,"M06221","Rheumatic"
1273,"M06222","Rheumatic"
1274,"M06229","Rheumatic"
1275,"M0623","Rheumatic"
1276,"M06231","Rheumatic"
1277,"M06232","Rheumatic"
1278,"M06239","Rheumatic"
1279,"M0624","Rheumatic"
1280,"M06241","Rheumatic"
1281,"M06242","Rheumatic"
1282,"M06249","Rheumatic"
1283,"M0625","Rheumatic"
1284,"M06251","Rheumatic"
1285,"M06252","Rheumatic"
1286,"M06259","Rheumatic"
1287,"M0626","Rheumatic"
1288,"M06261","Rheumatic"
1289,"M06262","Rheumatic"
1290,"M06269","Rheumatic"
1291,"M0627","Rheumatic"
1292,"M06271","Rheumatic"
1293,"M06272","Rheumatic"
1294,"M06279","Rheumatic"
1295,"M0628","Rheumatic"
1296,"M0629","Rheumatic"
1297,"M063","Rheumatic"
1298,"M0630","Rheumatic"
1299,"M0631","Rheumatic"
1300,"M06311","Rheumatic"
1301,"M06312","Rheumatic"
1302,"M06319","Rheumatic"
1303,"M0632","Rheumatic"
1304,"M06321","Rheumatic"
1305,"M06322","Rheumatic"
1306,"M06329","Rheumatic"
1307,"M0633","Rheumatic"
1308,"M06331","Rheumatic"
1309,"M06332","Rheumatic"
1310,"M06339","Rheumatic"
1311,"M0634","Rheumatic"
1312,"M06341","Rheumatic"
1313,"M06342","Rheumatic"
1314,"M06349","Rheumatic"
1315,"M0635","Rheumatic"
1316,"M06351","Rheumatic"
1317,"M06352","Rheumatic"
1318,"M06359","Rheumatic"
1319,"M0636","Rheumatic"
1320,"M06361","Rheumatic"
1321,"M06362","Rheumatic"
1322,"M06369","Rheumatic"
1323,"M0637","Rheumatic"
1324,"M06371","Rheumatic"
1325,"M06372","Rheumatic"
1326,"M06379","Rheumatic"
1327,"M0638","Rheumatic"
1328,"M0639","Rheumatic"
1329,"M064","Rheumatic"
1330,"M068","Rheumatic"
1331,"M0680","Rheumatic"
1332,"M0681","Rheumatic"
1333,"M06811","Rheumatic"
1334,"M06812","Rheumatic"
1335,"M06819","Rheumatic"
1336,"M0682","Rheumatic"
1337,"M06821","Rheumatic"
1338,"M06822","Rheumatic"
1339,"M06829","Rheumatic"
1340,"M0683","Rheumatic"
1341,"M06831","Rheumatic"
1342,"M06832","Rheumatic"
1343,"M06839","Rheumatic"
1344,"M0684","Rheumatic"
1345,"M06841","Rheumatic"
1346,"M06842","Rheumatic"
1347,"M06849","Rheumatic"
1348,"M0685","Rheumatic"
1349,"M06851","Rheumatic"
1350,"M06852","Rheumatic"
1351,"M06859","Rheumatic"
1352,"M0686","Rheumatic"
1353,"M06861","Rheumatic"
1354,"M06862","Rheumatic"
1355,"M06869","Rheumatic"
1356,"M0687","Rheumatic"
1357,"M06871","Rheumatic"
1358,"M06872","Rheumatic"
1359,"M06879","Rheumatic"
1360,"M0688","Rheumatic"
1361,"M0689","Rheumatic"
1362,"M069","Rheumatic"
1363,"M315","Rheumatic"
1364,"M32","Rheumatic"
1365,"M320","Rheumatic"
1366,"M321","Rheumatic"
1367,"M3210","Rheumatic"
1368,"M3211","Rheumatic"
1369,"M3212","Rheumatic"
1370,"M3213","Rheumatic"
1371,"M3214","Rheumatic"
1372,"M3215","Rheumatic"
1373,"M3219","Rheumatic"
1374,"M328","Rheumatic"
1375,"M329","Rheumatic"
1376,"M33","Rheumatic"
1377,"M330","Rheumatic"
1378,"M3300","Rheumatic"
1379,"M3301","Rheumatic"
1380,"M3302","Rheumatic"
1381,"M3309","Rheumatic"
1382,"M331","Rheumatic"
1383,"M3310","Rheumatic"
1384,"M3311","Rheumatic"
1385,"M3312","Rheumatic"
1386,"M3319","Rheumatic"
1387,"M332","Rheumatic"
1388,"M3320","Rheumatic"
1389,"M3321","Rheumatic"
1390,"M3322","Rheumatic"
1391,"M3329","Rheumatic"
1392,"M339","Rheumatic"
1393,"M3390","Rheumatic"
1394,"M3391","Rheumatic"
1395,"M3392","Rheumatic"
1396,"M3399","Rheumatic"
1397,"M34","Rheumatic"
1398,"M340","Rheumatic"
1399,"M341","Rheumatic"
1400,"M342","Rheumatic"
1401,"M348","Rheumatic"
1402,"M3481","Rheumatic"
1403,"M3482","Rheumatic"
1404,"M3483","Rheumatic"
1405,"M3489","Rheumatic"
1406,"M349","Rheumatic"
1407,"M351","Rheumatic"
1408,"M353","Rheumatic"
1409,"M360","Rheumatic"
383,"G45","Stroke"
384,"G450","Stroke"
385,"G451","Stroke"
386,"G452","Stroke"
387,"G453","Stroke"
388,"G454","Stroke"
389,"G458","Stroke"
390,"G459","Stroke"
391,"G46","Stroke"
392,"G460","Stroke"
393,"G461","Stroke"
394,"G462","Stroke"
395,"G463","Stroke"
396,"G464","Stroke"
397,"G465","Stroke"
398,"G466","Stroke"
399,"G467","Stroke"
400,"G468","Stroke"
401,"H340","Stroke"
402,"H3400","Stroke"
403,"H3401","Stroke"
404,"H3402","Stroke"
405,"H3403","Stroke"
406,"I60","Stroke"
407,"I600","Stroke"
408,"I6000","Stroke"
409,"I6001","Stroke"
410,"I6002","Stroke"
411,"I601","Stroke"
412,"I6010","Stroke"
413,"I6011","Stroke"
414,"I6012","Stroke"
415,"I602","Stroke"
416,"I6020","Stroke"
417,"I6021","Stroke"
418,"I6022","Stroke"
419,"I603","Stroke"
420,"I6030","Stroke"
421,"I6031","Stroke"
422,"I6032","Stroke"
423,"I604","Stroke"
424,"I605","Stroke"
425,"I6050","Stroke"
426,"I6051","Stroke"
427,"I6052","Stroke"
428,"I606","Stroke"
429,"I607","Stroke"
430,"I608","Stroke"
431,"I609","Stroke"
432,"I61","Stroke"
433,"I610","Stroke"
434,"I611","Stroke"
435,"I612","Stroke"
436,"I613","Stroke"
437,"I614","Stroke"
438,"I615","Stroke"
439,"I616","Stroke"
440,"I618","Stroke"
441,"I619","Stroke"
442,"I62","Stroke"
443,"I620","Stroke"
444,"I6200","Stroke"
445,"I6201","Stroke"
446,"I6202","Stroke"
447,"I6203","Stroke"
448,"I621","Stroke"
449,"I629","Stroke"
450,"I63","Stroke"
451,"I630","Stroke"
452,"I6300","Stroke"
453,"I6301","Stroke"
454,"I63011","Stroke"
455,"I63012","Stroke"
456,"I63019","Stroke"
457,"I6302","Stroke"
458,"I6303","Stroke"
459,"I63031","Stroke"
460,"I63032","Stroke"
461,"I63039","Stroke"
462,"I6309","Stroke"
463,"I631","Stroke"
464,"I6310","Stroke"
465,"I6311","Stroke"
466,"I63111","Stroke"
467,"I63112","Stroke"
468,"I63119","Stroke"
469,"I6312","Stroke"
470,"I6313","Stroke"
471,"I63131","Stroke"
472,"I63132","Stroke"
473,"I63139","Stroke"
474,"I6319","Stroke"
475,"I632","Stroke"
476,"I6320","Stroke"
477,"I6321","Stroke"
478,"I63211","Stroke"
479,"I63212","Stroke"
480,"I63219","Stroke"
481,"I6322","Stroke"
482,"I6323","Stroke"
483,"I63231","Stroke"
484,"I63232","Stroke"
485,"I63239","Stroke"
486,"I6329","Stroke"
487,"I633","Stroke"
488,"I6330","Stroke"
489,"I6331","Stroke"
490,"I63311","Stroke"
491,"I63312","Stroke"
492,"I63319","Stroke"
493,"I6332","Stroke"
494,"I63321","Stroke"
495,"I63322","Stroke"
496,"I63329","Stroke"
497,"I6333","Stroke"
498,"I63331","Stroke"
499,"I63332","Stroke"
500,"I63339","Stroke"
501,"I6334","Stroke"
502,"I63341","Stroke"
503,"I63342","Stroke"
504,"I63349","Stroke"
505,"I6339","Stroke"
506,"I634","Stroke"
507,"I6340","Stroke"
508,"I6341","Stroke"
509,"I63411","Stroke"
510,"I63412","Stroke"
511,"I63419","Stroke"
512,"I6342","Stroke"
513,"I63421","Stroke"
514,"I63422","Stroke"
515,"I63429","Stroke"
516,"I6343","Stroke"
517,"I63431","Stroke"
518,"I63432","Stroke"
519,"I63439","Stroke"
520,"I6344","Stroke"
521,"I63441","Stroke"
522,"I63442","Stroke"
523,"I63449","Stroke"
524,"I6349","Stroke"
525,"I635","Stroke"
526,"I6350","Stroke"
527,"I6351","Stroke"
528,"I63511","Stroke"
529,"I63512","Stroke"
530,"I63519","Stroke"
531,"I6352","Stroke"
532,"I63521","Stroke"
533,"I63522","Stroke"
534,"I63529","Stroke"
535,"I6353","Stroke"
536,"I63531","Stroke"
537,"I63532","Stroke"
538,"I63539","Stroke"
539,"I6354","Stroke"
540,"I63541","Stroke"
541,"I63542","Stroke"
542,"I63549","Stroke"
543,"I6359","Stroke"
544,"I636","Stroke"
545,"I638","Stroke"
546,"I639","Stroke"
547,"I64","Stroke"
548,"I65","Stroke"
549,"I650","Stroke"
550,"I6501","Stroke"
551,"I6502","Stroke"
552,"I6503","Stroke"
553,"I6509","Stroke"
554,"I651","Stroke"
555,"I652","Stroke"
556,"I6521","Stroke"
557,"I6522","Stroke"
558,"I6523","Stroke"
559,"I6529","Stroke"
560,"I658","Stroke"
561,"I659","Stroke"
562,"I66","Stroke"
563,"I660","Stroke"
564,"I6601","Stroke"
565,"I6602","Stroke"
566,"I6603","Stroke"
567,"I6609","Stroke"
568,"I661","Stroke"
569,"I6611","Stroke"
570,"I6612","Stroke"
571,"I6613","Stroke"
572,"I6619","Stroke"
573,"I662","Stroke"
574,"I6621","Stroke"
575,"I6622","Stroke"
576,"I6623","Stroke"
577,"I6629","Stroke"
578,"I663","Stroke"
579,"I668","Stroke"
580,"I669","Stroke"
581,"I67","Stroke"
582,"I670","Stroke"
583,"I671","Stroke"
584,"I672","Stroke"
585,"I673","Stroke"
586,"I674","Stroke"
587,"I675","Stroke"
588,"I676","Stroke"
589,"I677","Stroke"
590,"I678","Stroke"
591,"I6781","Stroke"
592,"I6782","Stroke"
593,"I6783","Stroke"
594,"I6784","Stroke"
595,"I67841","Stroke"
596,"I67848","Stroke"
597,"I6789","Stroke"
598,"I679","Stroke"
599,"I68","Stroke"
600,"I680","Stroke"
601,"I682","Stroke"
602,"I688","Stroke"
603,"I69","Stroke"
604,"I690","Stroke"
605,"I6900","Stroke"
606,"I6901","Stroke"
607,"I6902","Stroke"
608,"I69020","Stroke"
609,"I69021","Stroke"
610,"I69022","Stroke"
611,"I69023","Stroke"
612,"I69028","Stroke"
613,"I6903","Stroke"
614,"I69031","Stroke"
615,"I69032","Stroke"
616,"I69033","Stroke"
617,"I69034","Stroke"
618,"I69039","Stroke"
619,"I6904","Stroke"
620,"I69041","Stroke"
621,"I69042","Stroke"
622,"I69043","Stroke"
623,"I69044","Stroke"
624,"I69049","Stroke"
625,"I6905","Stroke"
626,"I69051","Stroke"
627,"I69052","Stroke"
628,"I69053","Stroke"
629,"I69054","Stroke"
630,"I69059","Stroke"
631,"I6906","Stroke"
632,"I69061","Stroke"
633,"I69062","Stroke"
634,"I69063","Stroke"
635,"I69064","Stroke"
636,"I69065","Stroke"
637,"I69069","Stroke"
638,"I6909","Stroke"
639,"I69090","Stroke"
640,"I69091","Stroke"
641,"I69092","Stroke"
642,"I69093","Stroke"
643,"I69098","Stroke"
644,"I691","Stroke"
645,"I6910","Stroke"
646,"I6911","Stroke"
647,"I6912","Stroke"
648,"I69120","Stroke"
649,"I69121","Stroke"
650,"I69122","Stroke"
651,"I69123","Stroke"
652,"I69128","Stroke"
653,"I6913","Stroke"
654,"I69131","Stroke"
655,"I69132","Stroke"
656,"I69133","Stroke"
657,"I69134","Stroke"
658,"I69139","Stroke"
659,"I6914","Stroke"
660,"I69141","Stroke"
661,"I69142","Stroke"
662,"I69143","Stroke"
663,"I69144","Stroke"
664,"I69149","Stroke"
665,"I6915","Stroke"
666,"I69151","Stroke"
667,"I69152","Stroke"
668,"I69153","Stroke"
669,"I69154","Stroke"
670,"I69159","Stroke"
671,"I6916","Stroke"
672,"I69161","Stroke"
673,"I69162","Stroke"
674,"I69163","Stroke"
675,"I69164","Stroke"
676,"I69165","Stroke"
677,"I69169","Stroke"
678,"I6919","Stroke"
679,"I69190","Stroke"
680,"I69191","Stroke"
681,"I69192","Stroke"
682,"I69193","Stroke"
683,"I69198","Stroke"
684,"I692","Stroke"
685,"I6920","Stroke"
686,"I6921","Stroke"
687,"I6922","Stroke"
688,"I69220","Stroke"
689,"I69221","Stroke"
690,"I69222","Stroke"
691,"I69223","Stroke"
692,"I69228","Stroke"
693,"I6923","Stroke"
694,"I69231","Stroke"
695,"I69232","Stroke"
696,"I69233","Stroke"
697,"I69234","Stroke"
698,"I69239","Stroke"
699,"I6924","Stroke"
700,"I69241","Stroke"
701,"I69242","Stroke"
702,"I69243","Stroke"
703,"I69244","Stroke"
704,"I69249","Stroke"
705,"I6925","Stroke"
706,"I69251","Stroke"
707,"I69252","Stroke"
708,"I69253","Stroke"
709,"I69254","Stroke"
710,"I69259","Stroke"
711,"I6926","Stroke"
712,"I69261","Stroke"
713,"I69262","Stroke"
714,"I69263","Stroke"
715,"I69264","Stroke"
716,"I69265","Stroke"
717,"I69269","Stroke"
718,"I6929","Stroke"
719,"I69290","Stroke"
720,"I69291","Stroke"
721,"I69292","Stroke"
722,"I69293","Stroke"
723,"I69298","Stroke"
724,"I693","Stroke"
725,"I6930","Stroke"
726,"I6931","Stroke"
727,"I6932","Stroke"
728,"I69320","Stroke"
729,"I69321","Stroke"
730,"I69322","Stroke"
731,"I69323","Stroke"
732,"I69328","Stroke"
733,"I6933","Stroke"
734,"I69331","Stroke"
735,"I69332","Stroke"
736,"I69333","Stroke"
737,"I69334","Stroke"
738,"I69339","Stroke"
739,"I6934","Stroke"
740,"I69341","Stroke"
741,"I69342","Stroke"
742,"I69343","Stroke"
743,"I69344","Stroke"
744,"I69349","Stroke"
745,"I6935","Stroke"
746,"I69351","Stroke"
747,"I69352","Stroke"
748,"I69353","Stroke"
749,"I69354","Stroke"
750,"I69359","Stroke"
751,"I6936","Stroke"
752,"I69361","Stroke"
753,"I69362","Stroke"
754,"I69363","Stroke"
755,"I69364","Stroke"
756,"I69365","Stroke"
757,"I69369","Stroke"
758,"I6939","Stroke"
759,"I69390","Stroke"
760,"I69391","Stroke"
761,"I69392","Stroke"
762,"I69393","Stroke"
763,"I69398","Stroke"
764,"I698","Stroke"
765,"I6980","Stroke"
766,"I6981","Stroke"
767,"I6982","Stroke"
768,"I69820","Stroke"
769,"I69821","Stroke"
770,"I69822","Stroke"
771,"I69823","Stroke"
772,"I69828","Stroke"
773,"I6983","Stroke"
774,"I69831","Stroke"
775,"I69832","Stroke"
776,"I69833","Stroke"
777,"I69834","Stroke"
778,"I69839","Stroke"
779,"I6984","Stroke"
780,"I69841","Stroke"
781,"I69842","Stroke"
782,"I69843","Stroke"
783,"I69844","Stroke"
784,"I69849","Stroke"
785,"I6985","Stroke"
786,"I69851","Stroke"
787,"I69852","Stroke"
788,"I69853","Stroke"
789,"I69854","Stroke"
790,"I69859","Stroke"
791,"I6986","Stroke"
792,"I69861","Stroke"
793,"I69862","Stroke"
794,"I69863","Stroke"
795,"I69864","Stroke"
796,"I69865","Stroke"
797,"I69869","Stroke"
798,"I6989","Stroke"
799,"I69890","Stroke"
800,"I69891","Stroke"
801,"I69892","Stroke"
802,"I69893","Stroke"
803,"I69898","Stroke"
804,"I699","Stroke"
805,"I6990","Stroke"
806,"I6991","Stroke"
807,"I6992","Stroke"
808,"I69920","Stroke"
809,"I69921","Stroke"
810,"I69922","Stroke"
811,"I69923","Stroke"
812,"I69928","Stroke"
813,"I6993","Stroke"
814,"I69931","Stroke"
815,"I69932","Stroke"
816,"I69933","Stroke"
817,"I69934","Stroke"
818,"I69939","Stroke"
819,"I6994","Stroke"
820,"I69941","Stroke"
821,"I69942","Stroke"
822,"I69943","Stroke"
823,"I69944","Stroke"
824,"I69949","Stroke"
825,"I6995","Stroke"
826,"I69951","Stroke"
827,"I69952","Stroke"
828,"I69953","Stroke"
829,"I69954","Stroke"
830,"I69959","Stroke"
831,"I6996","Stroke"
832,"I69961","Stroke"
833,"I69962","Stroke"
834,"I69963","Stroke"
835,"I69964","Stroke"
836,"I69965","Stroke"
837,"I69969","Stroke"
838,"I6999","Stroke"
839,"I69990","Stroke"
840,"I69991","Stroke"
841,"I69992","Stroke"
842,"I69993","Stroke"
843,"I69998","Stroke"
